-- phpMyAdmin SQL Dump
-- version 4.6.5.2
-- https://www.phpmyadmin.net/
--
-- Хост: 127.0.0.1:3306
-- Время создания: Июн 19 2018 г., 20:36
-- Версия сервера: 5.6.34
-- Версия PHP: 5.6.29

SET SQL_MODE = "NO_AUTO_VALUE_ON_ZERO";
SET time_zone = "+00:00";


/*!40101 SET @OLD_CHARACTER_SET_CLIENT=@@CHARACTER_SET_CLIENT */;
/*!40101 SET @OLD_CHARACTER_SET_RESULTS=@@CHARACTER_SET_RESULTS */;
/*!40101 SET @OLD_COLLATION_CONNECTION=@@COLLATION_CONNECTION */;
/*!40101 SET NAMES utf8mb4 */;

--
-- База данных: `passportExp`
--

-- --------------------------------------------------------

--
-- Структура таблицы `academic_year`
--

CREATE TABLE `academic_year` (
  `id` varchar(20) NOT NULL,
  `locking` tinyint(1) NOT NULL
) ENGINE=InnoDB DEFAULT CHARSET=utf8;

--
-- Дамп данных таблицы `academic_year`
--

INSERT INTO `academic_year` (`id`, `locking`) VALUES
('2014/2015', 3),
('2015/2016', 0),
('2016/2017', 1),
('2017/2018', 1);

-- --------------------------------------------------------

--
-- Структура таблицы `disciplines`
--

CREATE TABLE `disciplines` (
  `id` bigint(20) UNSIGNED NOT NULL,
  `dindex` bigint(20) UNSIGNED NOT NULL,
  `dname` varchar(300) NOT NULL,
  `ppccz` bigint(20) UNSIGNED NOT NULL
) ENGINE=InnoDB DEFAULT CHARSET=utf8;

--
-- Дамп данных таблицы `disciplines`
--

INSERT INTO `disciplines` (`id`, `dindex`, `dname`, `ppccz`) VALUES
(1, 2, 'Инженерная графика', 1),
(4, 2, 'Операционные системы', 2),
(7, 3, 'Основы электротехники', 1),
(8, 3, 'Архитектура компьютерных систем', 2),
(9, 4, 'Технические средства информатизации', 2),
(10, 4, 'Прикладная электроника', 1),
(11, 5, 'Информационные технологии', 2),
(12, 5, 'Электротехнические измерения', 1),
(13, 6, 'Информационные технологии', 1),
(14, 6, 'Основы программирования', 2),
(15, 7, 'Метрология, стандартизация и сертификация', 1),
(16, 7, 'Основы экономики', 2),
(17, 8, 'Операционные системы и среды', 1),
(18, 8, 'Правовое обеспечение профессиональной деятельности', 2),
(19, 9, 'Дискретная математика', 1),
(20, 9, 'Теория алгоритмов', 2),
(21, 10, 'Основы алгоритмизации и программирования', 1),
(22, 11, 'Основы экономики', 1),
(23, 11, 'Основы предпринимательской деятельности', 2),
(24, 1, 'Элементы высшей математики', 1),
(25, 1, 'Элементы высшей математики', 2),
(26, 12, 'Элементы математической логики', 2),
(27, 12, 'Теория вероятностей и математическая статистика', 1),
(28, 13, 'Теория вероятностей и математическая статистика', 2),
(29, 14, 'Цифровая схемотехника', 1),
(30, 14, 'Системное программирование', 2),
(31, 15, 'Проектирование цифровых устройств', 1),
(32, 15, 'Прикладное программирование', 2),
(33, 16, 'Микропроцессорные системы', 1),
(34, 17, 'Установка и конфигурирование периферийного оборудования', 1),
(35, 18, 'Технология разработки программного обеспечения', 2),
(36, 19, 'Инструментальные средства разработки программного обеспечения', 2),
(37, 20, 'Документирование и сертификация', 2),
(38, 21, 'Наладка аппаратного и программного обеспечения', 1),
(39, 21, 'Обработка информации на ЭВМ', 2),
(40, 21, 'Моделирование и анализ программного обеспечения', 2),
(41, 22, 'Внедрение и поддержка программного обеспечения компьютерных систем', 2),
(42, 23, 'Преддипломная', 1),
(43, 23, 'Преддипломная', 2),
(44, 24, 'Производственная практика (по профилю специальности)', 1),
(45, 24, 'Производственная практика (по профилю специальности)', 2),
(46, 25, 'Производственная практика (по профилю специальности)', 1),
(47, 25, 'Производственная практика (по профилю специальности)', 2),
(48, 26, 'Производственная практика (по профилю специальности)', 1),
(49, 26, 'Производственная практика (по профилю специальности)', 2),
(50, 27, 'Производственная практика (по профилю специальности)', 2),
(51, 28, 'Производственная практика (по профилю специальности)', 2),
(52, 29, 'Прикладное программирование на VBA', 2),
(53, 30, 'Прикладное программирование на VB и Delphi', 2),
(54, 31, 'Компьютерные сети', 2),
(55, 32, 'Программное обеспечение компьютерных сетей', 2),
(56, 33, 'Базы данных', 2),
(57, 34, 'Разработка и эксплуатация удаленных баз данных', 2),
(58, 35, 'Техническое обслуживание средств вычислительной техники', 1),
(59, 36, 'Источники питания средств вычислительной техники', 1),
(60, 37, 'Программное обеспечение компьютерных сетей и Web-серверов', 1),
(61, 38, 'Компьютерные сети и телекоммуникации', 1),
(62, 39, 'Базы данных', 1),
(63, 40, 'Сетевая безопасность', 1),
(64, 41, 'Разработка проекта и управление его предметной областью', 1),
(65, 42, 'Основы менеджмента', 1),
(66, 43, '01.01 Учебная практика', 1),
(67, 43, '01.01 Учебная практика', 2),
(68, 44, '02.01 Учебная практика', 2),
(69, 45, '03.01 Учебная практика', 1),
(70, 45, '03.01 Учебная практика', 2),
(71, 46, '04.01 Учебная практика', 1),
(72, 46, '04.01 Учебная практика', 2),
(73, 47, '05.01 Учебная практика', 2),
(76, 5, ' dddd', 3),
(78, 1, ' Математика', 6),
(79, 12, ' Информационные технологии в профессиональной деятельности', 6),
(80, 13, ' Экологические основы природопользования', 6),
(81, 2, ' Основы экономической теории', 6),
(82, 3, ' Экономика организации', 6),
(83, 4, ' Статистика', 6),
(84, 5, ' Основы менеджмента и маркетинга', 6),
(85, 6, ' Документационное обеспечение управления', 6),
(86, 8, ' Бухгалтерский учет и налогообложение', 6),
(87, 7, ' Правовое обеспечение профессиональной деятельности', 6),
(88, 9, ' Финансы, денежное обращение и кредит', 6),
(89, 10, ' Экономический анализ', 6),
(90, 11, ' Основы предпринимательской деятельности', 6),
(91, 52, ' Инженерная графика', 6),
(92, 53, ' Безопасность жизнедеятельности', 6),
(93, 54, ' Основы философии', 6),
(94, 55, ' История', 6),
(95, 56, ' Иностранный язык', 6),
(96, 57, ' Русский язык и культура речи', 6),
(97, 58, ' Физическая культура', 6),
(98, 59, ' Введение в специальность', 6),
(99, 60, ' Математика: алгебра и начала математического анализа, геометрия', 6),
(100, 61, ' Информатика', 6),
(101, 62, ' Физика', 6),
(102, 14, ' Управление территориями и недвижимым имуществом', 6),
(103, 16, ' Кадастры и кадастровая оценка земель', 6),
(104, 63, ' Управление земельно-имущественным комплексом', 6),
(105, 64, ' Осуществление кадастровых отношений', 6),
(106, 44, '02.01 Учебная практика', 6),
(107, 25, ' 02.01 Производственная практика (по профилю специальности)', 6),
(108, 65, ' Картографо-геодезическое сопровождение земельно-имущественных отношений', 6),
(109, 18, ' Геодезия с основами картографии и картографического черчения', 6),
(110, 45, '03.01 Учебная практика', 6),
(111, 26, ' 03.01 Производственная практика (по профилю специальности)', 6),
(112, 66, ' Определение стоимости недвижимого имущества', 6),
(113, 21, ' Оценка недвижимого имущества', 6),
(114, 46, '04.01 Учебная практика', 6),
(115, 27, ' 04.01 Производственная практика (по профилю специальности)', 6),
(116, 24, ' 01.01 Производственная практика (по профилю специальности)', 6),
(117, 43, '01.01 Учебная практика', 6),
(118, 49, ' Русский язык и литература', 6),
(119, 50, ' Иностранный язык', 6),
(120, 51, ' История', 6),
(121, 67, ' Обществознание (включая экономику и право)', 6),
(122, 68, ' Химия', 6),
(123, 69, ' Биология', 6),
(124, 72, ' Физическая культура', 6),
(125, 73, ' ОБЖ', 6),
(126, 70, ' География', 6),
(127, 54, ' Основы философии', 2),
(128, 55, ' История', 2),
(129, 56, ' Иностранный язык', 2),
(130, 57, ' Русский язык и культура речи', 2),
(131, 49, ' Русский язык и литература', 2),
(132, 50, ' Иностранный язык', 2),
(133, 51, ' История', 2),
(134, 67, ' Обществознание (включая экономику и право)', 2),
(135, 68, ' Химия', 2),
(136, 69, ' Биология', 2),
(137, 70, ' Экология', 2),
(138, 71, ' Физическая культура', 2),
(139, 72, ' ОБЖ', 2),
(140, 58, ' Физическая культура', 2),
(141, 49, ' Русский язык и литература', 17),
(142, 50, ' Иностранный язык', 17),
(143, 51, ' История', 17),
(144, 67, ' Обществознание', 17),
(145, 68, ' Естествознание', 17),
(146, 69, ' География', 17),
(147, 70, ' Физическая культура', 17),
(149, 71, ' ОБЖ', 17),
(150, 60, ' Математика: алгебра и начала математического анализа, геометрия', 17),
(151, 61, ' Информатика', 17),
(152, 62, ' Экономика', 17),
(153, 62, ' Экономика', 17),
(154, 74, ' Право', 17),
(155, 59, ' Введение в специальность', 17),
(156, 54, ' Основы философии', 17),
(157, 55, ' История', 17),
(158, 56, ' Иностранный язык', 17),
(159, 57, ' Физическая культура', 17),
(160, 58, ' Русский язык и культура речи', 17),
(161, 1, ' Математика', 17),
(162, 12, ' Информационные технологии в профессиональной деятельности', 17),
(163, 2, ' Экономика организации', 17),
(164, 3, ' Статистика', 17),
(165, 4, ' Менеджмент', 17),
(166, 5, ' Документационное обеспечение управления', 17),
(167, 6, ' Правовое обеспечение профессиональной деятельности', 17),
(168, 7, ' Финансы, денежное обращение и кредит', 17),
(169, 8, ' Налоги и налогообложение', 17),
(170, 9, ' Основы бухгалтерского учета', 17),
(171, 10, ' Аудит', 17),
(175, 11, ' Безопасность жизнедеятельности', 17),
(176, 52, ' Технология и организация строительного производства', 17),
(177, 53, ' Ценообразование в строительном комплексе', 17),
(178, 79, ' Основы предпринимательской деятельности', 17),
(179, 63, ' Документирование хозяйственных операций и ведение бухгалтерского учета имущества организации', 17),
(180, 14, ' Практические основы бухгалтерского учета имущества организации', 17),
(181, 43, ' Учебная практика', 17),
(182, 64, ' Ведение бухгалтерского учета источников формирования имущества. выполнение работ по инвентаризации имущества и финансовых обязательств организации', 17),
(183, 16, ' Практические основы бухгалтерского учета источников формирования имущества организации', 17),
(184, 17, ' Бухгалтерская технология проведения и оформления инвентаризации', 17),
(185, 44, ' Учебная практика', 17),
(186, 65, ' Проведение расчетов с бюджетом и внебюджетными фондами', 17),
(187, 18, ' Организация расчетов с бюджетом и внебюджетными фондами', 17),
(188, 45, ' Учебная практика', 17),
(189, 66, ' Составление и использование бухгалтерской отчетности', 17),
(190, 21, ' Технология составления бухгалтерской отчетности', 17),
(191, 21, ' Технология составления бухгалтерской отчетности', 17),
(192, 80, ' Основы анализа бухгалтерской отчетности', 17),
(193, 27, ' Производственная практика (по профилю специальности)', 17),
(194, 27, ' Производственная практика (по профилю специальности)', 17),
(195, 81, ' Выполнение работ по должности Кассир', 17),
(196, 22, ' Организация кассовых операций', 17),
(197, 47, ' Учебная практика', 17),
(198, 3, ' Учебная практика', 2),
(199, 49, ' Русский язык и литература', 19),
(200, 50, ' Иностранный язык', 19),
(201, 51, ' История', 19),
(202, 67, ' Обществознание (включая экономику и право)', 19),
(203, 68, ' Химия', 19),
(204, 69, ' Биология', 19),
(205, 70, ' Экология', 19),
(206, 71, ' Физическая культура', 19),
(207, 72, ' ОБЖ', 19),
(208, 73, ' Введение в специальность', 19),
(209, 60, ' Математика: алгебра и начала математического анализа, геометрия', 19),
(210, 61, ' Информатика', 19),
(211, 62, ' Физика', 19),
(212, 54, ' Основы философии', 19),
(213, 55, ' История', 19),
(214, 56, ' Иностранный язык', 19),
(215, 57, ' Физическая культура', 19),
(216, 58, ' Русский язык и культура речи', 19),
(217, 1, ' Математика', 19),
(218, 76, ' Информатика', 19),
(219, 2, ' Инженерная графика', 19),
(220, 3, ' Техническая механика', 19),
(221, 4, ' Основы электротехники', 19),
(222, 5, ' Основы геодезии', 19),
(223, 6, ' Информационные технологии в профессиональной деятельности', 19),
(224, 7, ' Экономика организации', 19),
(225, 8, ' Безопасность жизнедеятельности', 19),
(226, 9, ' Основы предпринимательской деятельности', 19),
(227, 63, ' Участие в проектировании зданий и сооружений', 19),
(228, 14, ' Проектирование зданий и сооружений', 19),
(229, 15, ' Проект производства работ', 19),
(230, 43, ' Учебная практика', 19),
(231, 24, ' Производственная практика (по профилю специальности)', 19),
(232, 64, ' Выполнение технологических процессов при строительстве, эксплуатации  и реконструкции строительных объектов', 19),
(233, 16, ' Организация технологических процессов при строительстве, эксплуатации и реконструкции строительных объектов', 19),
(234, 17, ' Учет и контроль технологических процессов', 19),
(235, 44, ' Учебная практика', 19),
(236, 25, ' Производственная практика (по профилю специальности)', 19),
(237, 65, ' Организация деятельности структурных подразделений при выполнении строительно-монтажных работ, эксплуатации и реконструкции зданий и сооружений', 19),
(238, 18, ' Управление деятельностью структурных подразделений при выполнении строительно-монтажных работ, эксплуатации и реконструкции зданий и сооружений', 19),
(239, 45, ' Учебная практика', 19),
(240, 26, ' Производственная практика (по профилю специальности)', 19),
(241, 66, ' Организация видов работ при эксплуатации и реконструкции строительных объектов', 19),
(242, 21, ' Эксплуатация зданий', 19),
(243, 80, ' Реконструкция зданий', 19),
(244, 27, ' Производственная практика (по профилю специальности)', 19),
(245, 81, ' Выполнение работ по профессии Каменщик / Штукатур', 19),
(246, 22, ' Технология каменных работ при возведении кирпичных зданий / Технология штукатурных работ', 19),
(247, 47, ' Учебная практика', 19),
(248, 49, ' Русский язык и литература', 20),
(249, 50, ' Иностранный язык', 20),
(250, 51, ' История', 20),
(251, 67, ' Обществознание (включая экономику и право)', 20),
(252, 68, ' Химия', 20),
(253, 69, ' Биология', 20),
(254, 70, ' Экология', 20),
(255, 71, ' Физическая культура', 20),
(256, 72, ' ОБЖ', 20),
(257, 73, ' Введение в специальность', 20),
(258, 60, ' Математика: алгебра и начала математического анализа, геометрия', 20),
(259, 61, ' Информатика', 20),
(260, 62, ' Физика', 20),
(261, 54, ' Основы философии', 20),
(262, 56, ' Иностранный язык', 20),
(263, 57, ' Физическая культура', 20),
(264, 58, ' Русский язык и культура речи', 20),
(265, 1, ' Математика', 20),
(266, 76, ' Информатика', 20),
(267, 13, ' Экологические основы природопользования', 20),
(268, 13, ' Физика', 20),
(269, 2, ' Техническая механика', 20),
(270, 3, ' Инженерная графика', 20),
(271, 4, ' Электротехника', 20),
(272, 5, ' Основы электроники', 20),
(273, 6, ' Безопасность жизнедеятельности', 20),
(274, 7, ' Материаловедение', 20),
(275, 8, ' Информационные технологии в профессиональной деятельности', 20),
(276, 9, ' Правовое обеспечение профессиональной деятельности', 20),
(277, 63, ' Организация и выполнение работ по эксплуатации и ремонту электроустановок', 20),
(278, 14, ' Электрические машины', 20),
(279, 15, ' Электрооборудование промышленных и гражданских зданий', 20),
(280, 15, ' Электрооборудование промышленных и гражданских зданий', 20),
(281, 84, ' Эксплуатация и ремонт электрооборудования промышленных и гражданских зданий', 20),
(282, 43, ' Учебная практика', 20),
(283, 24, ' Производственная практика (по профилю специальности)', 20),
(284, 64, ' Организация и выполнение работ по эксплуатации и ремонту электроустановок', 20),
(285, 16, ' Монтаж электрооборудования промышленных и гражданских зданий', 20),
(286, 17, ' Внутреннее электроснабжение промышленных и гражданских зданий', 20),
(287, 17, ' Внутреннее электроснабжение промышленных и гражданских зданий', 20),
(288, 85, ' Наладка электрооборудования', 20),
(289, 44, ' Учебная практика', 20),
(290, 25, ' Производственная практика (по профилю специальности)', 20),
(291, 65, ' Организация и выполнение работ по монтажу и наладке электрических сетей', 20),
(292, 18, ' Внешнее электроснабжение промышленных и гражданских зданий', 20),
(293, 19, ' Монтаж и наладка электрических сетей', 20),
(294, 45, ' Учебная практика', 20),
(295, 26, ' Производственная практика (по профилю специальности)', 20),
(296, 66, ' Организация деятельности  производственного подразделения электромонтажной организации', 20),
(297, 21, ' Организация деятельности электромонтажного подразделения', 20),
(298, 83, ' Экономика организации', 20),
(299, 46, ' Учебная практика', 20),
(300, 27, ' Производственная практика (по профилю специальности)', 20),
(301, 81, ' Выполнение работ по профессии Электромонтер по ремонту и обслуживанию электрооборудования', 20),
(302, 22, ' Технология выполнения работ по ремонту и эксплуатации электрооборудования', 20),
(303, 47, ' Учебная практика', 20),
(304, 54, ' Основы философии', 6),
(305, 56, ' Иностранный язык', 6),
(306, 57, ' Физическая культура', 6),
(307, 57, ' Физическая культура', 6),
(308, 86, ' Основы социологии и политологии', 6),
(309, 7, ' Правовое обеспечение профессиональной деятельности', 6),
(310, 8, ' Бухгалтерский учет и налогообложение', 6),
(311, 9, ' Финансы, денежное обращение и кредит', 6),
(312, 10, ' Экономический анализ', 6),
(313, 53, ' Основы предпринимательской деятельности', 6),
(314, 63, ' Управление земельно-имущественным комплексом', 6),
(315, 14, ' Управление территориями и недвижимым имуществом ', 6),
(316, 54, ' Основы философии', 13),
(317, 55, ' История', 13),
(318, 56, ' Иностранный язык', 13),
(319, 57, ' Физическая культура', 13),
(320, 58, ' Русский язык и культура речи', 13),
(321, 86, ' Основы социологии и политологии', 13),
(322, 86, ' Основы социологии и политологии', 13),
(323, 87, ' Социальная психология', 13),
(324, 1, ' Математика', 13),
(325, 12, ' Информатика', 13),
(326, 2, ' Инженерная графика', 13),
(327, 3, ' Компьютерная графика', 13),
(328, 4, ' Техническая механика', 13),
(329, 5, ' Материаловедение', 13),
(330, 6, ' Метрология, стандартизация и сертификация', 13),
(331, 7, ' Процессы формообразования и инструменты', 13),
(332, 8, ' Технологическое оборудование', 13),
(333, 9, ' Технология отрасли', 13),
(334, 10, ' Информационные технологии в профессиональной деятельности', 13),
(335, 11, ' Основы экономики отрасли и правового обеспечения профессиональной деятельности ', 13),
(336, 52, ' Безопасность жизнедеятельности', 13),
(338, 14, ' Организация монтажных работ промышленного оборудования и контроль за ними', 13),
(339, 15, ' Организация ремонтных работ промышленного оборудования и контроль за ними', 13),
(340, 24, ' Производственная практика (по профилю специальности)', 13),
(341, 64, ' Организация выполнения работ по эксплуатации промышленного оборудования', 13),
(342, 63, ' Организация и проведение монтажа и ремонта промышленного оборудования', 13),
(343, 58, ' Физическая культура', 5),
(344, 16, ' Эксплуатация промышленного оборудования', 13),
(345, 57, ' Иностранный язык', 5),
(346, 25, ' Производственная практика (по профилю специальности)', 13),
(347, 65, ' Участие в организации производственной деятельности структурного подразделения', 13),
(348, 18, ' Организация работы структурного подразделения', 13),
(349, 26, ' Производственная практика (по профилю специальности)', 13),
(350, 66, ' Выполнение работ по профессии Слесарь-ремонтник', 13),
(351, 21, ' Организация и технология выполнения работ по профессии Слесарь-ремонтник', 13),
(352, 46, ' Учебная практика', 13),
(359, 76, ' Информатика', 13),
(362, 54, ' Основы философии', 18),
(364, 55, ' История', 18),
(367, 56, ' Иностранный язык', 18),
(369, 57, ' Физическая культура', 18),
(371, 58, ' Русский язык и культура речи', 18),
(374, 86, ' Социальная психология', 18),
(376, 77, ' Безопасность жизнедеятельности', 13),
(377, 78, ' Введение в специальность', 13),
(378, 1, ' Математика', 18),
(379, 79, ' Гидравлика и гидропривод', 13),
(380, 12, ' Экологические основы природопользования', 18),
(383, 2, ' Основы коммерческой деятельности', 18),
(384, 3, ' Теоретические основы товароведения', 18),
(385, 4, ' Статистика', 18),
(386, 5, ' Информационные технологии в профессиональной деятельности', 18),
(388, 6, ' Документационное обеспечение управления', 18),
(389, 7, ' Правовое обеспечение профессиональной деятельности', 18),
(390, 88, ' Основы электротехники', 13),
(391, 8, ' Бухгалтерский учет', 18),
(393, 9, ' Метрология и стандартизация', 18),
(394, 10, ' Безопасность жизнедеятельности', 18),
(396, 11, ' Основы предпринимательской деятельности', 18),
(397, 63, ' Управление ассортиментом товаров', 18),
(399, 14, ' Основы управления ассортиментом товаров', 18),
(400, 43, ' Учебная практика', 13),
(401, 24, ' Производственная практика (по профилю специальности)', 18),
(402, 64, ' Организация и проведение экспертизы и оценки качества товаров', 18),
(403, 16, ' Оценка качества товаров и основы экспертизы', 18),
(404, 25, ' Производственная практика (по профилю специальности)', 18),
(407, 65, ' Организация работ в подразделении организации', 18),
(408, 18, ' Управление структурным подразделением организации', 18),
(410, 26, ' Производственная практика (по профилю специальности)', 18),
(411, 44, ' Учебная практика', 13),
(413, 66, ' Выполнение работ по профессии Продавец продовольственных товаров', 18),
(414, 21, ' Организация торгово-технологического процесса', 18),
(417, 46, ' Учебная практика', 18),
(418, 45, ' Учебная практика', 13),
(420, 46, ' Учебная практика', 18),
(421, 66, ' Выполнение работ по профессии Слесарь-ремонтник', 13),
(422, 89, ' Учебная практика', 18),
(424, 23, ' Производственная практика (преддипломная)', 13),
(425, 49, ' Русский язык и литература', 6),
(426, 50, ' Иностранный язык', 6),
(427, 51, ' История', 6),
(428, 67, ' Обществознание (включая экономику и право)', 6),
(429, 68, ' Химия', 6),
(430, 69, ' Биология', 6),
(431, 70, ' География', 6),
(432, 72, ' Физическая культура', 6),
(433, 73, ' ОБЖ', 6),
(434, 23, ' Производственная практика (преддипломная)', 13),
(435, 13, ' Физика', 13),
(436, 79, ' Основы электротехники', 13),
(437, 53, ' Гидравлика и гидропривод', 13),
(438, 54, ' Основы философии', 14),
(439, 55, ' История', 14),
(440, 56, ' Иностранный язык', 14),
(441, 57, ' Физическая культура', 14),
(442, 58, ' Русский язык и культура речи', 14),
(443, 1, ' Математика', 14),
(444, 76, ' Информационные технологии', 14),
(445, 90, ' Физика', 14),
(446, 2, ' Элементы гидравлических и пневматических приводов', 14),
(447, 3, ' Гидромеханика', 14),
(448, 4, ' Технологическое оборудование', 14),
(449, 5, ' Техническая механика', 14),
(450, 6, ' Материаловедение', 14),
(451, 7, ' Инженерная графика', 14),
(452, 8, ' Электротехника и электроника', 14),
(453, 9, ' Метрология, стандартизация и сертификация', 14),
(454, 10, ' Безопасность жизнедеятельности', 14),
(455, 11, ' Технология отрасли', 14),
(456, 52, ' Механическое и подъемно-транспортное оборудование металлургического производства', 14),
(457, 63, ' Организация и выполнение монтажа, наладки, испытаний, технического обслуживания и ремонта гидравлических и пневматических устройств, систем и приводов', 14),
(458, 14, ' Монтаж, наладка, техническое обслуживание и ремонт гидравлических и пневматических устройств и систем', 14),
(459, 43, ' Учебная практика', 14),
(460, 24, ' Производственная практика (по профилю специальности)', 14),
(461, 64, ' Проектирование гидравлических и пневматических приводов изделий', 14),
(462, 16, ' Объемные гидравлические и пневматические приводы, гидропневмоавтоматика', 14),
(463, 44, ' Учебная практика', 14),
(464, 25, ' Производственная практика (по профилю специальности)', 14),
(465, 65, ' Организация работы коллектива исполнителей на производственном участке', 14),
(466, 18, ' Основы права, экономики, управления, организации и охраны труда', 14),
(467, 45, ' Учебная практика', 14),
(468, 26, ' Производственная практика (по профилю специальности)', 14),
(469, 66, ' Выполнение работ по рабочей профессии Слесарь - ремонтник', 14),
(470, 21, ' Организация и технология выполнения работ слесаря -ремонтника', 14),
(471, 46, ' Учебная практика', 14),
(472, 23, ' Производственная практика (преддипломная)', 14),
(473, 58, ' Физическая культура', 4),
(474, 78, ' Механическое и подъемно-транспортное оборудование металлургического производства', 14),
(475, 57, ' Иностранный язык', 4),
(476, 60, ' Математика: алгебра и начала математического анализа, геометрия', 6),
(477, 61, ' Информатика', 6),
(478, 62, ' Физика', 6),
(479, 75, ' Введение в специальность', 6),
(480, 56, ' Иностранный язык', 4),
(481, 57, ' Физическая культура', 4),
(482, 12, ' Экологические основы природопользования', 4),
(483, 5, ' Информационные технологии в профессиональной деятельности', 4),
(484, 9, ' Охрана труда', 4),
(485, 54, ' Основы философии', 6),
(486, 55, ' История', 6),
(487, 56, ' Иностранный язык', 6),
(488, 57, ' Русский язык и культура речи', 6),
(489, 58, ' Физическая культура', 6),
(490, 1, ' Математика', 6),
(491, 14, ' Технология приготовления полуфабрикатов для сложной кулинарной продукции', 4),
(492, 76, ' Информационные технологии в профессиональной деятельности', 6),
(493, 13, ' Экологические основы природопользования', 6),
(494, 2, ' Основы экономической теории', 6),
(495, 3, ' Экономика организации', 6),
(496, 4, ' Статистика', 6),
(497, 5, ' Основы менеджмента и маркетинга', 6),
(498, 6, ' Документационное обеспечение управления', 6),
(499, 7, ' Правовое обеспечение профессиональной деятельности', 6),
(500, 8, ' Бухгалтерский учет и налогообложение', 6),
(501, 9, ' Финансы, денежное обращение и кредит', 6),
(502, 10, ' Экономический анализ', 6),
(503, 11, ' Основы предпринимательской деятельности', 6),
(504, 52, ' Инженерная графика', 6),
(505, 53, ' Безопасность жизнедеятельности', 6),
(506, 63, ' Управление земельно-имущественным комплексом', 6),
(507, 14, ' Управление территориями и недвижимым имуществом', 6),
(508, 43, ' Учебная практика', 6),
(509, 24, ' Производственная практика (по профилю специальности)', 6),
(510, 64, ' Осуществление кадастровых отношений', 6),
(511, 16, ' Кадастры и кадастровая оценка земель', 6),
(512, 44, ' Учебная практика', 6),
(513, 25, ' Производственная практика (по профилю специальности)', 6),
(514, 21, ' Технология приготовления сложных хлебобулочных, мучных кондитерских изделий', 4),
(515, 27, ' Производственная практика (по профилю специальности)', 4),
(516, 22, ' Технология приготовления сложных холодных и горячих десертов', 4),
(517, 25, ' Производственная практика (по профилю специальности)', 6),
(518, 65, ' Картографо-геодезическое сопровождение земельно-имущественных отношений', 6),
(519, 18, ' Геодезия с основами картографии и картографического черчения', 6),
(520, 28, ' Производственная практика (по профилю специальности)', 4),
(521, 45, ' Учебная практика', 6),
(522, 26, ' Производственная практика (по профилю специальности)', 6),
(523, 66, ' Определение стоимости недвижимого имущества', 6),
(525, 54, ' Основы философии', 15),
(526, 55, ' История', 15),
(527, 56, ' Иностранный язык', 15),
(528, 57, ' Физическая культура', 15),
(529, 58, ' Русский язык и культура речи', 15),
(530, 46, ' Учебная практика', 6),
(531, 86, ' Социальная психология', 15),
(532, 27, ' Производственная практика (по профилю специальности)', 6),
(533, 1, ' Математика', 15),
(534, 12, ' Информатика', 15),
(535, 2, ' Инженерная графика', 15),
(536, 3, ' Техническая механика', 15),
(537, 4, ' Электротехника и электроника', 15),
(538, 5, ' Материаловедение', 15),
(539, 6, ' Метрология, стандартизация и сертификация', 15),
(540, 7, ' Правила безопасности дорожного движения', 15),
(541, 8, ' Правовое обеспечение профессиональной деятельности', 15),
(542, 9, ' Охрана труда', 15),
(543, 10, ' Безопасность жизнедеятельности', 15),
(544, 11, ' Информационные технологии в профессиональной деятельности', 15),
(545, 52, ' Система автоматизированного проектирования', 15),
(546, 53, ' Основы предпринимательской деятельности', 15),
(547, 63, ' Техническое обслуживание и ремонт автотранспорта', 15),
(548, 14, ' Устройство автомобилей', 15),
(549, 15, ' Техническое обслуживание и ремонт автотранспорта', 15),
(550, 43, ' Учебная практика', 15),
(551, 24, ' Производственная практика (по профилю специальности)', 15),
(552, 64, ' Организация деятельности коллектива исполнителей', 15),
(553, 16, ' Управление коллективом исполнителей', 15),
(554, 25, ' Производственная практика (по профилю специальности)', 15),
(555, 65, ' Выполнение работ по профессии Слесарь по ремонту автомобилей', 15),
(556, 18, ' Организация и технология выполнения работ по профессии слесарь по ремонту автомобилей', 15),
(557, 45, ' Учебная практика', 15),
(558, 45, ' Учебная практика', 15),
(559, 93, ' Учебная практика', 15),
(560, 23, ' Производственная практика (преддипломная)', 15),
(561, 87, ' Основы предпринимательской деятельности', 15),
(562, 54, ' Основы философии', 16),
(563, 55, ' История', 16),
(564, 56, ' Иностранный язык', 16),
(565, 57, ' Физическая культура', 16),
(566, 58, ' Русский язык и культура речи', 16),
(567, 1, ' Математика', 16),
(568, 12, ' Информатика', 16),
(569, 2, ' Инженерная графика', 16),
(570, 3, ' Техническая механика', 16),
(571, 4, ' Электротехника и электроника', 16),
(572, 5, ' Материаловедение', 16),
(573, 6, ' Метрология и стандартизация', 16),
(574, 7, ' Структура транспортной системы', 16),
(575, 8, ' Информационные технологии в профессиональной деятельности', 16),
(576, 9, ' Правовое обеспечение профессиональной деятельности', 16),
(577, 10, ' Охрана труда', 16),
(578, 11, ' Безопасность жизнедеятельности', 16),
(579, 77, ' Система автоматизированного проектирования', 16),
(580, 78, ' Основы предпринимательской деятельности', 16),
(581, 63, ' Эксплуатация подъемно-транспортных, строительных, дорожных машин и оборудования при строительстве, содержании и ремонте дорог', 16),
(582, 14, ' Техническая эксплуатация дорог и дорожных сооружений', 16),
(583, 15, ' Организация планово-предупредительных работ по текущему содержанию и ремонту дорог и дорожных сооружений с использованием машинных комплексов', 16),
(584, 24, ' Производственная практика (по профилю специальности)', 16),
(585, 64, ' Техническое обслуживание и ремонт подъемно-транспортных, строительных, дорожных машин и оборудования в стационарных мастерских и на месте выполнения работ', 16),
(586, 16, ' Организация технического обслуживания и ремонта подъемно-транспортных, строительных, дорожных машин и оборудования в различных условиях эксплуатации', 16),
(587, 17, ' Диагностическое и технологическое оборудование по техническому обслуживанию и ремонту подъемно-транспортных, строительных, дорожных машин и оборудования', 16),
(588, 44, ' Учебная практика', 16),
(589, 25, ' Производственная практика (по профилю специальности)', 16),
(590, 65, ' Организация работы первичных трудовых коллективов', 16),
(591, 18, ' Организация работы и управления подразделением организации', 16),
(592, 26, ' Производственная практика (по профилю специальности)', 16),
(593, 66, ' Выполнение работ по профессии Слесарь по ремонту дорожно-строительных машин и тракторов', 16),
(594, 21, ' Организация и технология выполнения работ по профессии Слесарь по ремонту дорожно-строительных машин и тракторов', 16),
(595, 46, ' Учебная практика', 16),
(596, 89, ' Учебная практика', 16),
(597, 23, ' Производственная практика (преддипломная)', 16),
(598, 94, ' Управление структурным подразделением организации', 4),
(599, 94, ' Управление структурным подразделением организации', 4),
(600, 96, ' Производственная практика (по профилю специальности)', 4),
(601, 79, ' Основы предпринимательской деятельности', 16),
(602, 49, ' Русский язык и литература', 15),
(603, 50, ' Иностранный язык', 15),
(604, 51, ' История', 15),
(605, 67, ' Обществознание (включая экономику и право)', 15),
(606, 68, ' Химия', 15),
(607, 69, ' Биология', 15),
(608, 70, ' Экология', 15),
(609, 71, ' Физическая культура', 15),
(610, 72, ' ОБЖ', 15),
(611, 60, ' Математика: алгебра и начала математического анализа, геометрия', 15),
(612, 61, ' Информатика', 15),
(613, 62, ' Физика', 15),
(614, 54, ' Основы философии', 4),
(615, 75, ' Введение в специальность', 15),
(616, 55, ' История', 4),
(617, 56, ' Иностранный язык', 4),
(618, 57, ' Физическая культура', 4),
(619, 12, ' Химия', 4),
(620, 7, ' Правовые основы профессиональной деятельности', 4),
(621, 8, ' Основы экономики, менеджмента и маркетинга', 4),
(622, 10, ' Безопасность жизнедеятельности', 4),
(623, 52, ' Основы предпринимательской деятельности', 4),
(624, 16, ' Технология приготовления сложной холодной кулинарной продукции', 4),
(625, 18, ' Технология приготовления сложной горячей кулинарной продукции', 4),
(626, 26, ' Производственная практика (по профилю специальности)', 4),
(627, 49, ' Русский язык и литература', 16),
(628, 50, ' Иностранный язык', 16),
(629, 51, ' История', 16),
(630, 67, ' Обществознание (включая экономику и право)', 16),
(631, 68, ' Химия', 16),
(632, 69, ' Биология', 16),
(633, 70, ' Экология', 16),
(634, 71, ' Физическая культура', 16),
(635, 72, ' ОБЖ', 16),
(636, 60, ' Математика: алгебра и начала математического анализа, геометрия', 15),
(637, 60, ' Математика: алгебра и начала математического анализа, геометрия', 16),
(638, 61, ' Информатика', 16),
(639, 62, ' Физика', 16),
(640, 59, ' Введение в специальность', 16),
(641, 94, ' Управление структурным подразделением организации', 4),
(642, 97, ' Учебная практика', 4),
(643, 54, ' Основы философии', 3),
(644, 55, ' История', 3),
(647, 56, ' Иностранный язык', 3),
(648, 57, ' Физическая культура', 3),
(649, 58, ' Русский язык и культура речи', 3),
(650, 1, ' Математика', 3),
(651, 12, ' Компьютерное моделирование', 3),
(652, 13, ' Информационное обеспечение профессиональной деятельности', 3),
(653, 54, ' Основы философии', 21),
(654, 55, ' История', 21),
(655, 56, ' Иностранный язык', 21),
(656, 57, ' Физическая культура', 21),
(657, 58, ' Русский язык и культура речи', 21),
(658, 86, ' Социальная психология', 21),
(659, 1, ' Математика', 21),
(660, 76, ' Экологические основы природопользования', 21),
(661, 13, ' Информационное обеспечение профессиональной деятельности', 3),
(662, 98, ' Физика', 3),
(663, 2, ' Инженерная графика', 3),
(664, 3, ' Электротехника', 3),
(665, 4, ' Техническая механика', 3),
(666, 5, ' Охрана труда', 3),
(667, 6, ' Материаловедение', 3),
(668, 7, ' Экономика организации', 3),
(669, 8, ' Электронная техника', 3),
(670, 10, ' Электротехнические измерения', 3),
(671, 11, ' Электрические машины', 3),
(672, 52, ' Менеджмент', 3),
(673, 53, ' Безопасность жизнедеятельности', 3),
(674, 79, ' Правовое обеспечение профессиональной деятельности', 3),
(675, 63, ' Контроль и метрологическое обеспечение средств и систем автоматизации', 3),
(676, 14, ' Технология формирования систем автоматического управления типовых технологических процессов, средств измерений, несложных мехатронных устройств и систем', 3),
(677, 15, ' Методы осуществления стандартных и сертификационных испытаний, метрологических поверок средств измерений', 3),
(678, 15, ' Методы осуществления стандартных и сертификационных испытаний, метрологических поверок средств измерений', 3),
(679, 99, ' Теоретические основы контроля и анализа функционирования систем автоматического управления', 3),
(680, 43, ' Учебная практика', 3),
(681, 24, ' Производственная практика (по профилю специальности)', 3),
(682, 64, ' Организация работ по монтажу, ремонту и наладке систем автоматизации, средств измерений и мехатронных систем', 3),
(683, 2, ' Инженерная графика', 21),
(684, 16, ' Теоретические основы организации монтажа, ремонта, наладки систем автоматического управления, средств измерений и мехатронных систем', 3),
(685, 44, ' Учебная практика', 3),
(686, 3, ' Электротехника и электроника', 21),
(687, 4, ' Метрология, стандартизация и сертификация', 21),
(688, 5, ' Техническая механика', 21),
(689, 25, ' Производственная практика (по профилю специальности)', 3),
(690, 6, ' Материаловедение', 21),
(691, 65, ' Эксплуатация систем автоматизации', 3),
(692, 7, ' Информационные технологии в профессиональной деятельности', 21),
(693, 18, ' Теоретические основы технического обслуживания и эксплуатации автоматических и мехатронных систем управления', 3),
(694, 8, ' Основы экономики', 21),
(695, 45, ' Учебная практика', 3),
(696, 9, ' Правовые основы профессиональной деятельности', 21),
(697, 10, ' Охрана труда', 21),
(698, 26, ' Производственная практика (по профилю специальности)', 3),
(699, 11, ' Безопасность жизнедеятельности', 21),
(700, 66, ' Разработка и моделирование несложных систем автоматизации с учетом специфики технологических процессов', 3),
(701, 52, ' Измерительная техника', 21),
(702, 21, ' Теоретические основы разработки и моделирования несложных систем автоматизации с учетом специфики технологических процессов', 3),
(703, 78, ' Основы предпринимательской деятельности', 21),
(704, 21, ' Теоретические основы разработки и моделирования несложных систем автоматизации с учетом специфики технологических процессов', 3),
(705, 63, ' Организация технического обслуживания и ремонта электрического и электромеханического оборудования', 21),
(706, 14, ' Электрические машины и аппараты', 21),
(707, 100, ' Теоретические основы разработки и моделирования отдельных несложных модулей и мехатронных систем', 3),
(708, 15, ' Основы технической эксплуатации и обслуживания электрического и электромеханического оборудования', 21),
(709, 46, ' Учебная практика', 3),
(710, 27, ' Производственная практика (по профилю специальности)', 3),
(711, 84, ' Электрическое и электромеханическое оборудование', 21),
(712, 81, ' Проведение анализа характеристик и обеспечение надежности систем автоматизации (по отраслям)', 3),
(713, 84, ' Электрическое и электромеханическое оборудование', 21),
(714, 22, ' Теоретические основы обеспечения надежности систем автоматизации и модулей мехатронных систем', 3),
(715, 101, ' Техническое регулирование и контроль качества электрического и электромеханического оборудования', 21),
(716, 43, ' Учебная практика', 21),
(717, 22, ' Теоретические основы обеспечения надежности систем автоматизации и модулей мехатронных систем', 3),
(718, 24, ' Производственная практика (по профилю специальности)', 21),
(719, 102, ' Технология контроля соответствия и надежности устройств и функциональных блоков мехатронных и автоматических устройств и систем управления', 3),
(720, 47, ' Учебная практика', 3),
(721, 58, ' Русский язык и культура речи', 4),
(722, 47, ' Учебная практика', 3),
(723, 47, ' Учебная практика', 3),
(724, 104, ' Выполнение работ по профессии Слесарь по контрольно-измерительным приборам и автоматике', 3),
(725, 94, ' Основы сложных систем автоматизации', 3),
(726, 97, ' Учебная практика', 3),
(727, 23, ' Производственная практика (преддипломная)', 3),
(728, 1, ' Математика', 4),
(729, 13, ' Химия', 4),
(730, 2, ' Микробиология, санитария и гигиена в пищевом производстве', 4),
(731, 4, ' Организация хранения и контроль запасов и сырья', 4),
(732, 6, ' Метрология и стандартизация', 4),
(733, 18, ' Технология приготовления сложной горячей кулинарной продукции', 4),
(734, 45, ' Учебная практика', 4),
(735, 26, ' Производственная практика (по профилю специальности)', 4),
(736, 24, ' Производственная практика (по профилю специальности)', 21),
(737, 86, ' Основы социологии и политологии', 3),
(738, 88, ' Правовое обеспечение профессиональной деятельности', 3),
(739, 64, ' Выполнение сервисного обслуживания бытовых машин и приборов', 21),
(740, 105, ' Организация технологического процесса производства кулинарной продукции', 4),
(741, 16, ' Типовые технологические процессы обслуживания бытовых машин и приборов', 21),
(742, 44, ' Учебная практика', 21),
(743, 25, ' Производственная практика (по профилю специальности)', 21),
(744, 65, ' Организация деятельности производственного подразделения', 21),
(745, 18, ' Планирование и организация работы структурного подразделения', 21),
(746, 45, ' Учебная практика', 21),
(747, 26, ' Производственная практика (по профилю специальности)', 21),
(748, 66, ' Выполнение работ по профессии Слесарь-электрик по ремонту электрооборудования', 21),
(749, 21, ' Организация и технология выполнения электротехнических работ слесаря-электрика по ремонту электрооборудования', 21),
(750, 46, ' Учебная практика', 21),
(751, 106, ' Учебная практика', 4),
(752, 54, ' Основы философии', 22),
(753, 55, ' История', 22),
(754, 56, ' Иностранный язык', 22),
(755, 57, ' Физическая культура', 22),
(756, 58, ' Русский язык и культура речи', 22),
(757, 1, ' Математика', 22),
(758, 12, ' Информатика', 22),
(759, 13, ' Физика', 22),
(760, 2, ' Инженерная графика', 22),
(761, 3, ' Техническая механика', 22),
(762, 4, ' Электротехника и электроника', 22),
(763, 5, ' Материаловедение', 22),
(764, 6, ' Основы металлургического производства', 22),
(765, 7, ' Физическая химия', 22),
(766, 8, ' Теплотехника', 22),
(767, 9, ' Химические и физико-химические методы анализа', 22),
(768, 10, ' Безопасность жизнедеятельности', 22),
(769, 11, ' Правовые основы профессиональной деятельности', 22),
(770, 63, ' Ведение технологического процесса производства черных  металлов (чугуна, стали и ферросплавов)', 22),
(771, 14, ' Управление технологическими процессами производства чугуна и контроль за ними', 22),
(772, 15, ' Управление технологическими процессами производства стали и контроль за ними', 22),
(773, 99, ' Управление технологическими процессами производства стали,ферросплавов и лигатур в электропечах и контроль за ними', 22),
(774, 43, ' Учебная практика', 22),
(775, 24, ' Производственная практика (по профилю специальности)', 22),
(776, 64, ' Организация работы коллектива на производственном участке', 22),
(777, 16, ' Организационно-правовое управление', 22),
(778, 43, ' Учебная практика', 22),
(779, 25, ' Производственная практика (по профилю специальности)', 22),
(780, 65, ' Участие в экспериментальных и исследовательских работах', 22),
(781, 18, ' Технология исследовательской деятельности', 22),
(782, 45, ' Учебная практика', 22),
(783, 26, ' Производственная практика (по профилю специальности)', 22),
(784, 66, ' Выполнение работ по профессии Горновой доменной печи', 22),
(785, 21, ' Технология выполнения работ по профессии Горновой доменной печи', 22),
(786, 46, ' Учебная практика', 22),
(787, 46, ' Учебная практика', 22),
(788, 66, ' Выполнение работ по профессии Подручный сталевара конвертера', 22),
(789, 21, ' Технология выполнения работ по профессии Подручный сталевара конвертера', 22),
(790, 86, ' Основы социологии и политологии', 23),
(791, 86, ' Основы социологии и политологии', 23),
(792, 54, ' Основы философии', 23),
(793, 55, ' История', 23),
(794, 56, ' Иностранный язык', 23),
(795, 57, ' Физическая культура', 23),
(796, 58, ' Русский язык и культура речи', 23),
(797, 1, ' Математика', 23),
(798, 12, ' Информатика', 23),
(799, 90, ' Физика', 23),
(800, 2, ' Инженерная графика', 23),
(801, 3, ' Техническая механика', 23),
(802, 4, ' Электротехника и электроника', 23),
(803, 5, ' Материаловедение', 23),
(804, 6, ' Метрология, стандартизация и сертификация', 23),
(805, 7, ' Теплотехника', 23),
(806, 8, ' Основы металлургического производства', 23),
(807, 9, ' Химические и физико-химические методы анализа', 23),
(808, 10, ' Правовое обеспечение профессиональной деятельности', 23),
(809, 11, ' Основы экономики организации', 23),
(810, 52, ' Менеджмент', 23),
(811, 78, ' Безопасность жизнедеятельности', 23),
(812, 63, ' Планирование и организация работы цеха обработки металлов', 23),
(813, 14, ' Основы проектирования цеха обработки металлов давлением и его грузопотоки', 23),
(814, 15, ' Планирование, организация производства и экономика цеха обработки металлов давлением', 23),
(815, 43, ' Учебная практика', 23),
(816, 24, ' Производственная практика (по профилю специальности)', 23),
(817, 64, ' Оборудование цеха обработки металлов давлением, наладка и контроль за его работой', 23),
(818, 16, ' Оборудование цехов обработки металлов давлением', 23),
(819, 17, ' Электрооборудование цехов обработки металлов давлением', 23),
(820, 44, ' Учебная практика', 23),
(821, 25, ' Производственная практика (по профилю специальности)', 23),
(822, 65, ' Подготовка и ведение технологического процесса обработки металлов давлением', 23),
(823, 18, ' Теория обработки металлов давлением', 23),
(824, 19, ' Технологические процессы обработки металлов давлением', 23),
(825, 20, ' Термическая обработка металлов и сплавов', 23),
(826, 26, ' Производственная практика (по профилю специальности)', 23),
(827, 66, ' Контроль за соблюдением технологии производства и качеством выпускаемой продукции', 23),
(828, 21, ' Автоматизация технологических процессов', 23),
(829, 83, ' Информационные технологии в профессиональной деятельности', 23),
(830, 83, ' Информационные технологии в профессиональной деятельности', 23),
(831, 107, ' Метрологическое обеспечение', 23),
(832, 46, ' Учебная практика', 23),
(833, 27, ' Производственная практика (по профилю специальности)', 23),
(834, 81, ' Обеспечение экологической и промышленной безопасности', 23),
(835, 22, ' Экология металлургического производства', 23),
(836, 102, ' Промышленная безопасность и охрана труда', 23),
(837, 47, ' Учебная практика', 23),
(838, 104, ' Выполнение работ по профессии Оператор поста управления', 23),
(839, 95, ' Управление технологическим процессом сортовых и листовых станов', 23),
(840, 97, ' Учебная практика', 23),
(841, 54, ' Основы философии', 11),
(842, 56, ' Иностранный язык', 11),
(843, 97, ' Учебная практика', 23),
(844, 3, ' Экономика организации (предприятия)', 11),
(845, 5, ' Государственная и муниципальная служба', 11),
(846, 6, ' Иностранный язык (профессиональный)', 11),
(847, 8, ' Управление персоналом', 11),
(848, 9, ' Правовое обеспечение профессиональной деятельности', 11),
(849, 10, ' Безопасность жизнедеятельности', 11),
(850, 14, ' Документационное обеспечение управления', 11),
(851, 84, ' Организация секретарского обслуживания', 11),
(852, 43, ' Учебная практика', 11),
(853, 24, ' Производственная практика (по профилю специальности)', 11),
(854, 16, ' Организация и нормативно-правовые основы архивного дела', 11),
(855, 108, ' Обеспечение сохранности документов', 11),
(856, 25, ' Производственная практика (по профилю специальности)', 11),
(857, 25, ' Производственная практика (по профилю специальности)', 11),
(858, 49, ' Русский язык и литература', 11),
(859, 50, ' Иностранный язык', 11),
(860, 51, ' История', 11),
(861, 67, ' Обществознание', 11),
(862, 68, ' Естествознание', 11),
(863, 69, ' География', 11),
(864, 70, ' Физическая культура', 11),
(865, 71, ' ОБЖ', 11),
(866, 60, ' Математика: алгебра и начала математического анализа, геометрия', 11),
(867, 61, ' Информатика', 11),
(868, 62, ' Экономика', 11),
(869, 66, ' Право', 11),
(870, 59, ' Введение в специальность', 11),
(871, 58, ' Физическая культура', 8),
(872, 57, ' Иностранный язык', 8),
(873, 110, ' Основы предпринимательской деятельности', 8),
(874, 5, ' Правовое обеспечение профессиональной деятельности', 8),
(875, 111, ' Организация производственного процесса и охраны труда в отрасли', 8),
(876, 112, ' Организация процесса профессионального обучения', 8),
(877, 16, ' Теоретические и методические основы педагогического сопровождения группы обучающихся в урочной и внеурочной деятельности', 8),
(878, 18, ' Теоретические и прикладные аспекты методической работы мастера производственного обучения', 8),
(879, 83, ' Организация технологического процесса (по отраслям): Конструирование швейных изделий', 8),
(880, 107, ' Организация технологического процесса (по отраслям): Подготовка и организация технологических процессов на швейном производстве', 8),
(881, 113, ' Экономика отрасли', 8),
(882, 57, ' Иностранный язык', 8),
(883, 58, ' Физическая культура', 8),
(884, 7, ' Метрология, стандартизация и подтверждение качества', 8),
(885, 24, ' практика по профилю специальности', 8),
(886, 55, ' Психология общения', 8),
(887, 56, ' История', 8),
(888, 57, ' Иностранный язык', 8),
(889, 58, ' Физическая культура', 8),
(890, 87, ' Основы социологии и политологии', 8),
(891, 13, ' Экологические основы природопользования', 8),
(892, 2, ' Общая и профессиональная педагогика', 8),
(893, 9, ' Спецрисунок и художественная графика', 8),
(894, 10, ' История стилей в костюме', 8),
(895, 11, ' Введение в специальность', 8),
(896, 52, ' Основы предпринимательской деятельности', 8),
(897, 53, ' Безопасность жизнедеятельности', 8),
(898, 21, ' Организация технологического процесса (по отраслям): Моделирование швейных изделий', 8),
(899, 80, ' Организация технологического процесса (по отраслям): Конструирование швейных изделий', 8),
(900, 107, ' Организация технологического процесса (по отраслям): Подготовка и организация технологических процессов на швейном производстве', 8),
(901, 110, ' Основы предпринимательской деятельности', 7),
(902, 5, ' Правовое обеспечение профессиональной деятельности', 7),
(903, 6, ' Охрана труда', 7),
(904, 112, ' Организация процесса профессионального обучения', 7),
(906, 18, ' Теоретические и прикладные аспекты методической работы мастера производственного обучения', 7);

-- --------------------------------------------------------

--
-- Структура таблицы `educational_methodical_work`
--

CREATE TABLE `educational_methodical_work` (
  `id_emw` bigint(20) UNSIGNED NOT NULL,
  `ppccz` bigint(20) UNSIGNED NOT NULL,
  `discipline` bigint(20) UNSIGNED NOT NULL,
  `type_activities` bigint(20) UNSIGNED NOT NULL,
  `type_umd` bigint(20) UNSIGNED NOT NULL,
  `type_umd2` bigint(20) UNSIGNED DEFAULT NULL,
  `date_performance` varchar(20) NOT NULL,
  `report` varchar(100) DEFAULT NULL,
  `zdate` date NOT NULL,
  `id_employee` bigint(20) UNSIGNED NOT NULL,
  `id_academic_year` varchar(20) DEFAULT NULL
) ENGINE=InnoDB DEFAULT CHARSET=utf8;

--
-- Дамп данных таблицы `educational_methodical_work`
--

INSERT INTO `educational_methodical_work` (`id_emw`, `ppccz`, `discipline`, `type_activities`, `type_umd`, `type_umd2`, `date_performance`, `report`, `zdate`, `id_employee`, `id_academic_year`) VALUES
(7, 4, 482, 3, 25, 2, 'oui', '', '2017-09-01', 494, '2016/2017'),
(16, 1, 38, 2, 22, 2, '654654', NULL, '2017-09-01', 497, '2014/2015'),
(18, 15, 542, 3, 2, 2, '4564', 'ljk', '2017-09-01', 497, '2015/2016'),
(20, 1, 34, 3, 22, 3, '123', 'hjhjj', '2017-09-01', 497, '2015/2016'),
(23, 2, 8, 2, 26, 3, 'ret', 'iui', '2017-09-01', 497, '2015/2016'),
(24, 11, 869, 1, 28, 1, 'sdfdswtgds', '657675fgdfg', '2017-09-01', 497, '2015/2016'),
(25, 7, 903, 3, 18, 2, '56567', '', '2017-09-01', 497, '2015/2016'),
(26, 4, 616, 3, 22, 2, '34534', '5345', '2017-09-01', 497, '2015/2016'),
(28, 3, 670, 3, 35, 1, '432423423', '5r576', '2017-09-01', 497, '2015/2016'),
(29, 3, 669, 2, 18, 1, '12345', '=)', '2017-09-01', 497, '2014/2015'),
(31, 2, 8, 2, 28, 1, '123', NULL, '2017-09-01', 497, '2014/2015'),
(32, 19, 199, 2, 28, 1, '213', 'Выполнено: ззщ', '2017-09-01', 497, '2015/2016'),
(33, 20, 249, 3, 19, 3, 'jhgjghjghjhgj', 'Не выполнено: sdfsdfsdfs', '2017-09-01', 497, '2016/2017'),
(34, 20, 249, 2, 18, 2, 'ffdhdf', '', '2017-09-01', 498, '2015/2016'),
(35, 20, 250, 2, 18, 3, 'fghg', NULL, '2017-09-01', 498, '2014/2015'),
(38, 1, 34, 3, 22, 3, 'dsfsffsd', NULL, '2017-09-01', 498, '2014/2015'),
(40, 4, 740, 1, 18, 3, '53453', '78jkj', '2017-09-01', 498, '2016/2017'),
(41, 20, 251, 3, 18, 1, 'dfg', 'Выполнено: okoi', '2017-09-01', 497, '2016/2017'),
(42, 13, 346, 3, 17, 3, 'hkhj987987', NULL, '2017-09-01', 498, '2016/2017'),
(43, 1, 29, 3, 25, 1, '123', NULL, '2017-09-01', 497, '2015/2016'),
(44, 14, 455, 3, 18, 1, '1234567889', NULL, '2017-09-01', 497, '2016/2017'),
(45, 19, 199, 1, 22, 1, '1234567890', 'Выполнено: dfgdg', '2017-12-08', 497, '2016/2017'),
(46, 20, 251, 3, 18, 1, 'klklkk', 'Не выполнено: fgd', '2017-12-08', 497, '2015/2016'),
(47, 15, 537, 3, 19, 1, '998', NULL, '2017-12-08', 497, '2015/2016'),
(48, 18, 393, 1, 19, 3, 'hjiju', NULL, '2017-12-08', 497, '2015/2016'),
(49, 1, 24, 3, 25, 3, 'ewd', NULL, '2018-03-28', 497, '2016/2017'),
(51, 2, 132, 3, 28, 3, 'В течение года', 'Выполнено: отчет', '2018-05-09', 507, '2017/2018'),
(52, 3, 674, 2, 14, 2, 'Октябрь 2017', 'Выполнено: Отчет', '2018-05-12', 497, '2017/2018'),
(53, 1, 1, 3, 27, 3, '123', NULL, '2018-06-15', 508, '2017/2018'),
(54, 1, 10, 3, 30, 3, '123', NULL, '2018-06-15', 510, '2017/2018'),
(55, 1, 7, 2, 27, 3, '123', NULL, '2018-06-16', 511, '2017/2018');

-- --------------------------------------------------------

--
-- Структура таблицы `educational_work`
--

CREATE TABLE `educational_work` (
  `id_ew` bigint(20) UNSIGNED NOT NULL,
  `ppccz` bigint(20) UNSIGNED NOT NULL,
  `cipher_group` bigint(20) UNSIGNED NOT NULL,
  `type_activity` bigint(20) UNSIGNED NOT NULL,
  `type_work` bigint(20) UNSIGNED NOT NULL,
  `sdate` varchar(150) NOT NULL,
  `zdate` date NOT NULL,
  `report` varchar(150) DEFAULT NULL,
  `id_employee` bigint(20) UNSIGNED NOT NULL,
  `id_academic_year` varchar(20) NOT NULL
) ENGINE=InnoDB DEFAULT CHARSET=utf8 ROW_FORMAT=COMPACT;

--
-- Дамп данных таблицы `educational_work`
--

INSERT INTO `educational_work` (`id_ew`, `ppccz`, `cipher_group`, `type_activity`, `type_work`, `sdate`, `zdate`, `report`, `id_employee`, `id_academic_year`) VALUES
(3, 20, 90, 1, 1, '1234', '2018-06-17', NULL, 507, '2016/2017');

-- --------------------------------------------------------

--
-- Структура таблицы `employee`
--

CREATE TABLE `employee` (
  `id` bigint(20) UNSIGNED NOT NULL,
  `surname` varchar(30) NOT NULL,
  `name` varchar(20) NOT NULL,
  `patronymic` varchar(30) NOT NULL,
  `id_pk_pkc` bigint(20) UNSIGNED NOT NULL,
  `id_type_employee` bigint(20) UNSIGNED NOT NULL,
  `id_department` bigint(20) UNSIGNED NOT NULL,
  `id_posts` bigint(20) UNSIGNED NOT NULL,
  `category` bigint(20) UNSIGNED NOT NULL,
  `rules` bigint(20) UNSIGNED NOT NULL,
  `date_certification` date NOT NULL,
  `login` varchar(20) NOT NULL,
  `password` varchar(80) NOT NULL
) ENGINE=InnoDB DEFAULT CHARSET=utf8;

--
-- Дамп данных таблицы `employee`
--

INSERT INTO `employee` (`id`, `surname`, `name`, `patronymic`, `id_pk_pkc`, `id_type_employee`, `id_department`, `id_posts`, `category`, `rules`, `date_certification`, `login`, `password`) VALUES
(7, 'Федосеева', 'Юлия', 'Валерьевна', 10, 2, 1, 1, 3, 0, '2013-12-20', 'y.fedoseeva', 'H5gf8p'),
(11, 'Маняхина', 'Рамзия', 'Накиповна', 21, 2, 3, 2, 2, 0, '2010-02-20', 'r.manyahina', 'bn89p'),
(12, 'Трегубова', 'Елена', 'Дмитриевна', 4, 2, 3, 1, 3, 0, '0000-00-00', 'e.tregubova', 'tCLHKe'),
(17, 'Шеметова', 'Мария', 'Сергеевна', 4, 2, 3, 1, 3, 0, '0000-00-00', 'm.shemetova', 'maria123'),
(18, 'Маняхина', 'Рамзия', 'Накиповна', 2, 1, 1, 1, 1, 0, '0000-00-00', 'r.manyahina', 'bn89p'),
(19, 'Котукова', 'Елена', 'Юрьевна', 11, 2, 4, 1, 3, 0, '0000-00-00', 'e.kotukova', '38sd'),
(20, 'Зорина', 'Ирина', 'Геннадьевна', 10, 1, 1, 1, 3, 0, '0000-00-00', 'i.zorina', '202cb962ac59075b964b07152d234b70'),
(21, 'Панфилова ', 'Ирина', 'Александровна', 2, 1, 3, 1, 2, 0, '0000-00-00', 'i.panfilova', 'eaer'),
(23, 'Науменко', 'Оксана', 'Петровна', 18, 2, 3, 1, 3, 0, '0000-00-00', 'o.naumenko', 'j275l'),
(24, 'Губчевская', 'Елена', 'Александровна', 10, 1, 1, 1, 3, 0, '0000-00-00', 'e.gubchevskaya', 'lR2vMP'),
(25, 'Тутарова', 'Власта', 'Диляуровна', 10, 1, 1, 1, 1, 0, '0000-00-00', 'v.tutarova', 'kl34f'),
(26, 'Рылова', 'Елена', 'Ревгатевна', 10, 1, 2, 3, 2, 0, '2014-01-30', 'e.rylova', '13thj'),
(27, 'Ячиков', 'Матвей', 'Игоревич', 10, 1, 1, 1, 1, 0, '0000-00-00', 'm.yachikov', 'n84sd'),
(29, 'Филипцевич', 'Наталья ', 'Николаевна', 18, 1, 3, 1, 3, 0, '2013-12-12', 'n.filiptsevich', 'n87ZAa'),
(31, 'Авдюшина', 'Ирина', 'Владимировна', 12, 1, 2, 1, 2, 0, '0000-00-00', 'i.avdushina', 'Q7aVVb'),
(32, 'Корытникова', 'Елена', 'Станиславовна', 2, 1, 1, 1, 3, 0, '2015-11-11', 'e.korytnikova', 'JToV1u'),
(35, 'Кузовлева', 'Наталья', 'Николаевна', 4, 1, 6, 1, 3, 0, '2012-11-01', 'n.kuzovleva', 'YWr2eb'),
(37, 'Костина', 'Диля', 'Фатхитдиновна', 4, 1, 1, 1, 3, 0, '2020-02-20', 'd.kostina', 'flyLzo'),
(40, 'Юрина', 'Марина', 'Викторовна', 7, 1, 2, 1, 2, 0, '0000-00-00', 'm.urina', 'hrTiyP'),
(41, 'Криворучко', 'Наталья', 'Александровна', 10, 1, 1, 1, 3, 0, '0000-00-00', 'n.krivoruchko', 'dBgnp6'),
(42, 'Фетисова', 'Людмила', 'Александровна', 10, 1, 1, 1, 3, 0, '2015-12-04', 'l.fetisova', 'Zppz7W'),
(50, 'Панкеева', 'Любовь ', 'Ивановна', 10, 1, 1, 1, 3, 0, '0000-00-00', 'l.pankeeva', 'H4Baft'),
(53, 'Павловская', 'Юлия ', 'Викторовна', 4, 1, 2, 1, 2, 0, '0000-00-00', 'u.pavlovskaya', 'rPYGJe'),
(64, 'Аверченко', 'Мария', 'Владимировна', 2, 1, 1, 1, 1, 0, '0000-00-00', 'm.averchenko', 'bmxh'),
(65, 'Саулина', 'Юлия', 'Павловна', 7, 1, 1, 1, 3, 0, '0000-00-00', 'u.saulina', 'Gen7U'),
(66, 'Панкеева ', 'Любовь ', 'Ивановна', 10, 1, 5, 1, 3, 0, '0000-00-00', 'l.pankeeva', 'H4Baft'),
(67, 'Дубровская', 'Елена ', 'Юрьевна', 21, 1, 6, 1, 3, 0, '0000-00-00', 'e.dubrovskaya', '15K2Qr'),
(72, 'Серова', 'Ирина', 'Валентиновна', 12, 1, 2, 1, 3, 0, '0000-00-00', 'i.serova', 'sj6tXn'),
(73, 'Закирова', 'Лилия', 'Анатольевна', 19, 1, 4, 1, 3, 0, '0000-00-00', 'l.zakirova', 'sg87ft'),
(76, 'Сальникова', 'Марина', 'Велловна', 4, 1, 1, 1, 3, 0, '2013-03-21', 'm.v.salnikova', 'KiHZHk'),
(77, 'Шелковникова ', 'Оксана ', 'Васильевна', 2, 1, 1, 1, 1, 0, '0000-00-00', 'o.shelkovnikova', 'oGaBy7'),
(79, 'Меркулова', 'Светлана', 'Владимировна', 6, 1, 1, 1, 3, 0, '2012-12-01', 's.merkulova', 'tHd3DD'),
(80, 'Якунина', 'Ирина ', 'Александровна', 11, 1, 6, 1, 3, 0, '0000-00-00', 'i.yakunina', 'hny2016'),
(83, 'Дубровская', 'Елена', 'Юрьевна', 21, 1, 6, 1, 3, 0, '0000-00-00', 'e.dubrovskaya', '15K2Qr'),
(84, 'Панфилова ', 'Ирина', 'Александровна', 2, 1, 3, 1, 2, 0, '0000-00-00', 'i.panfilova', 'eaer'),
(87, 'Грипкова', 'Галина', 'Игоревна', 4, 1, 4, 1, 2, 0, '2011-12-20', 'g.gripkova', 'j3x3'),
(88, 'Садчикова', 'Юлия', 'Николаевна', 2, 1, 5, 1, 2, 0, '2030-10-20', 'y.sadchikova', 'st12'),
(90, 'Иванченко', 'Анна', 'Петровна', 10, 1, 1, 1, 2, 0, '0000-00-00', 'a.ivanchenko', '3xf2e6'),
(91, 'Риве', 'Юлия', 'Анатольевна', 11, 1, 6, 1, 3, 0, '0000-00-00', 'u.rive', 'B8HPhp'),
(94, 'Федосеева', 'Юлия', 'Валерьевна', 2, 1, 1, 1, 3, 0, '2016-05-10', 'y.fedoseeva', 'H5gf8p'),
(95, 'Вильгаук', 'Ольга', 'Анатольевна', 8, 1, 2, 1, 3, 0, '0000-00-00', 'o.vilgauk', 'pdfoef'),
(96, 'Грипкова', 'Галина', 'Игоревна', 4, 1, 4, 1, 2, 0, '0000-00-00', 'g.gripkova', 'j3x3'),
(98, 'Артемьева', 'Анна', 'Игоревна', 19, 1, 4, 1, 1, 0, '0000-00-00', 'a.artemieva', '48lt12'),
(101, 'Форыкина', 'Елена', 'Витальевна', 2, 1, 3, 1, 3, 0, '2007-10-20', 'e.forykina', 'Yj1JuK'),
(102, 'Грипкова', 'Галина', 'Игоревна', 2, 1, 4, 1, 2, 0, '0000-00-00', 'g.gripkova', 'j3x3'),
(108, 'Вильгаук', 'Ольга', 'Анатольевна', 8, 1, 2, 1, 3, 0, '2016-10-27', 'o.vilgauk', 'pdfoef'),
(109, 'Васильева', 'Елена', 'Александровна', 10, 1, 1, 1, 3, 0, '2013-05-17', 'e.jurova', 'eVXSL7'),
(111, 'Колузаева', 'Ирина', 'Петровна', 10, 1, 1, 3, 2, 0, '0000-00-00', 'i.koluzaeva', 'ZZr45R'),
(113, 'Семьянова ', 'Евгения', 'Сергеевна ', 22, 1, 4, 1, 3, 0, '2016-05-31', 'e.semyanova', 'qct19V'),
(115, 'Леонова', 'Ирина', 'Владимировна', 19, 1, 4, 1, 3, 0, '0000-00-00', 'i.leonova', 'cjkw'),
(117, 'Давыдова', 'Ирина', 'Витальевна', 6, 1, 4, 1, 3, 0, '2014-12-18', 'i.davydova', 'p127ui'),
(124, 'Корнеева', 'Наталья ', 'Витальевна', 2, 1, 5, 1, 3, 0, '2014-12-18', 'n.korneeva', 'zm35'),
(125, 'Буркарт', 'Марина', 'Михайловна', 5, 1, 6, 1, 3, 0, '0000-00-00', 'm.burkart', 'p68kl9'),
(126, 'Панкевич', 'Ольга', 'Александровна', 22, 1, 4, 1, 3, 0, '2014-10-10', 'o.pankevich', 'brsfCs'),
(128, 'Маликова', 'Марина', 'Николаевна', 7, 1, 6, 1, 3, 0, '2021-11-20', 'm.malikova', 'dduACG'),
(129, 'Путилина', 'Марина', 'Анатольевна', 10, 1, 1, 1, 3, 0, '2015-10-28', 'm.putilina', 'A9VzX5'),
(136, 'Демьянова ', 'Виктория', 'Валерьевна', 5, 1, 6, 1, 1, 0, '0000-00-00', 'v.demianova', 'r97v64'),
(143, 'Черепкова', 'Наталья', 'Владимировна', 17, 1, 5, 1, 3, 0, '2012-12-13', 'n.cherepkova', 'a8jg'),
(144, 'Петровская', 'Наталья', 'Александровна', 2, 1, 3, 1, 3, 0, '2007-10-20', 'n.petrovskaya', '4uAd4i'),
(145, 'Никонорова', 'Лариса', 'Александровна', 2, 1, 6, 1, 3, 0, '0000-00-00', 'l.nikonorova', '4zsykr'),
(149, 'Закирова', 'Регина', 'Артуровна', 10, 1, 1, 1, 1, 0, '0000-00-00', 'r.zakirova', 'tp0209v'),
(152, 'Камчатная', 'Наталья ', 'Анатольевна', 7, 1, 6, 1, 3, 0, '2001-02-20', 'n.kamchatnaya', '7sSCLn'),
(155, 'Моренко', 'Татьяна', 'Владимировна', 6, 1, 4, 1, 3, 0, '2011-12-22', 't.morenko', '64vd'),
(156, 'Балашова', 'Ирина', 'Анатольевна', 12, 1, 2, 1, 3, 0, '0000-00-00', 'i.balashova', '7zx87H'),
(157, 'Котельникова', 'Юлия', 'Михайловна', 10, 1, 1, 1, 3, 0, '0000-00-00', 'u.kotelnikova', 'ktgaR0'),
(164, 'Смирнова', 'Татьяна', 'Викторовна', 21, 1, 6, 1, 3, 0, '2016-04-30', 't.smirnova', 'elTiaZ'),
(165, 'Дубровская', 'Елена', 'Юрьевна', 21, 1, 6, 1, 3, 0, '2013-07-09', 'e.dubrovskaya', '15K2Qr'),
(168, 'Каминская ', 'Елена', 'Александровна', 13, 1, 2, 1, 3, 0, '2016-05-30', 'e.kaminskaya', 'adxsAA'),
(169, 'Деревицкая', 'Анна', 'Владимировна', 13, 1, 2, 1, 3, 0, '2013-03-29', 'a.derevitskaya', 'BSSHit'),
(177, 'Панишев', 'Николай', 'Васильевич', 14, 1, 6, 1, 3, 0, '0000-00-00', 'n.panishev', '5$67GH'),
(178, 'Пряхина', 'Марина', 'Васильевна', 6, 1, 5, 1, 3, 0, '2016-06-10', 'm.priahina', 'v183qr'),
(180, 'Алданцева', 'Юлия', 'Павловна', 13, 1, 2, 1, 3, 0, '0000-00-00', 'u.aldantseva', '1671'),
(181, 'Харламова', 'Татьяна', 'Дмитриевна', 17, 1, 5, 3, 2, 0, '2011-10-30', 't.harlamova', '091215'),
(186, 'Могильницкая', 'Татьяна', 'Александровна', 13, 1, 2, 1, 3, 0, '2012-02-20', 't.mogilnitskaya', 'PatUKf'),
(202, 'Кучерова', 'Наталья', 'Викторовна', 6, 1, 1, 1, 3, 0, '2016-02-20', 'n.kucherova', 'Пв=;ЩЙН'),
(203, 'Чашемова', 'Валентина', 'Димитриевна', 17, 1, 5, 1, 3, 0, '0000-00-00', 'v.chashemova', 'rgdi'),
(205, 'Глушко', 'Елена', 'Викторовна', 6, 1, 2, 1, 1, 0, '0000-00-00', 'e.glushko', 'CBA6ok'),
(206, 'Сапожникова', 'Светлана', 'Михайловна', 22, 1, 4, 1, 3, 0, '2011-10-31', 's.sapozhnikova', 'up9m'),
(208, 'Сизоненко', 'Людмила', 'Николаевна', 15, 1, 6, 1, 3, 0, '2001-10-20', 'l.sizonenko', 'e#mViz&'),
(209, 'Вандышева', 'Татьяна', 'Анатольевна', 2, 1, 1, 1, 1, 0, '0000-00-00', 't.vandysheva', '1231'),
(211, 'Мусина', 'Надежда', 'Александровна', 15, 1, 5, 1, 3, 0, '2001-10-20', 'n.musina', 'T56m89'),
(212, 'Глушко', 'Елена', 'Викторовна', 6, 1, 2, 1, 2, 0, '2012-11-01', 'e.glushko', 'CBA6ok'),
(214, 'Глушко', 'Елена', 'Викторовна', 6, 1, 2, 1, 2, 0, '2012-11-01', 'e.glushko', 'CBA6ok'),
(215, 'Гатина', 'Елена', 'Сергеева', 19, 1, 4, 1, 3, 0, '2001-05-20', 'e.gatina', '35h8'),
(218, 'Киреева', 'Елена', 'Александровна', 5, 1, 5, 1, 3, 0, '2001-10-20', 'e.kireeva', 'jeu8'),
(220, 'Обухова', 'Любовь', 'Александровна', 12, 1, 2, 3, 2, 0, '0000-00-00', 'l.obuhova', 's2JaTG'),
(221, 'Киреева', 'Елена', 'Александровна', 5, 1, 5, 1, 3, 0, '2001-10-20', 'e.kireeva', 'jeu8'),
(225, 'Обухова', 'Любовь', 'Александровна', 12, 1, 2, 3, 2, 0, '0000-00-00', 'l.obuhova', 's2JaTG'),
(231, 'Вильгаук', 'Ольга', 'Анатольевна', 2, 1, 1, 1, 1, 0, '0000-00-00', 'o.vilgauk', 'pdfoef'),
(232, 'Абзалова', 'Наталья', 'Михайловна', 2, 1, 3, 1, 3, 0, '2001-04-20', 'n.abzalova', 'w36Qej'),
(234, 'Маняхина', 'Рамзия', 'Накиповна', 6, 2, 3, 1, 1, 0, '0000-00-00', 'r.manyahina', 'bn89p'),
(235, 'Ермолаева', 'Олеся', 'Ивановна', 5, 1, 4, 1, 2, 0, '2001-12-20', 'o.ermolaeva', '13zd69'),
(240, 'Панишев', 'Николай', 'Васильевич', 14, 1, 6, 1, 3, 0, '0000-00-00', 'n.panishev', '5$67GH'),
(241, 'Ильина', 'Марина', 'Александровна', 12, 1, 2, 1, 2, 0, '0000-00-00', 'm.ilina', 'f69jk'),
(243, 'Дмитриева', 'Марина', 'Алексеевна', 6, 1, 6, 1, 2, 0, '2011-12-22', 'm.dmitrieva', 'NHAB09'),
(250, 'Павловская', 'Юлия ', 'Викторовна', 4, 1, 2, 1, 2, 0, '2012-04-30', 'u.pavlovskaya', 'rPygjE'),
(251, 'Яльмурзина', 'Раиса', 'Байдавлетовна', 17, 1, 5, 1, 3, 0, '0000-00-00', 'r.yalmurzina', 'Ter778'),
(252, 'Кожевников', 'Игорь', 'Олегович', 10, 1, 1, 3, 1, 0, '0000-00-00', 'i.kozhevnikov', '170516'),
(253, 'Степанова', 'Татьяна', 'Александровна', 2, 1, 1, 1, 1, 0, '0000-00-00', 't.shelemeteva', 'TereMere7'),
(254, 'Шавшина', 'Наталья', 'Николаевна', 6, 1, 1, 1, 3, 0, '0000-00-00', 'n.shavshina', 'wqWPvb'),
(255, 'Киреева', 'Елена', 'Александровна', 5, 1, 5, 1, 3, 0, '0000-00-00', 'e.kireeva', 'jeu8'),
(256, 'Рыбаков', 'Николай', 'Викторович', 5, 1, 2, 1, 2, 0, '2001-12-20', 'n.rybakov', '20060616'),
(257, 'Кощевец', 'Валерий', 'Васильевич', 5, 1, 6, 1, 3, 0, '2001-12-20', 'v.koshevec', 'xl3p1a'),
(258, 'Волков', 'Анатолий ', 'Анатольевич', 5, 2, 3, 4, 3, 0, '2001-03-20', 'a.voilov', 'd82r44'),
(259, 'Габидуллина', 'Светлана', 'Каюмовна', 5, 1, 6, 1, 3, 0, '2017-05-20', 's.gabidulina', 'oqeihy'),
(262, 'Моренко', 'Татьяна', 'Владимировна', 2, 1, 1, 1, 1, 0, '0000-00-00', 't.morenko', '64vd'),
(263, 'Чикунова', 'Ольга', 'Геннадьевна', 17, 1, 5, 1, 2, 0, '0000-00-00', 'o.chikunova', 'kyzc'),
(268, 'Вандышева', 'Татьяна', 'Анатольевна', 2, 1, 2, 1, 3, 0, '2016-06-01', 'vandysheva', '1231'),
(269, 'Павловская', 'Юлия ', 'Викторовна', 4, 1, 2, 1, 2, 0, '2012-04-30', 'u.pavlovskaya', 'rPygjE'),
(270, 'Миронова', 'Оксана', 'Александровна', 21, 1, 1, 1, 3, 0, '0000-00-00', 'o.mironova', 'NDfRhj'),
(274, 'Осолодкова', 'Татьяна', 'Борисовна', 10, 1, 1, 1, 2, 0, '0000-00-00', 't.osolodkova', 'g12r70'),
(278, 'Гайворонская', 'Марина ', 'Валентиновна ', 13, 1, 2, 1, 3, 0, '2013-03-27', 'm.gaivoronskaya', 'PJ2DSv'),
(281, 'Грипкова', 'Галина', 'Игоревна', 4, 1, 4, 1, 2, 0, '0000-00-00', 'g.gripkova', 'j3x3'),
(282, 'Бахтова', 'Наталья', 'Степановна', 17, 1, 3, 1, 3, 0, '0000-00-00', 'n.bahtova', 'f584s'),
(283, 'Воробьев', 'Сергей', 'Борисович', 18, 1, 2, 1, 1, 0, '0000-00-00', 's.vorobiev', '27aeV3'),
(284, 'Корчагина', 'Марина', 'Николаевна', 6, 1, 6, 1, 3, 0, '2014-03-28', 'm.korchagina', 'pOw26m'),
(285, 'Луговнина', 'Елена', 'Николаевна', 17, 1, 5, 1, 3, 0, '0000-00-00', 'e.lugovnina', '37hj'),
(288, 'Сайфулина', 'Диляра', 'Маджидуллаевна', 4, 1, 4, 1, 1, 0, '0000-00-00', 'd.sayfulina', 'QW1109'),
(290, 'Медведева ', 'Ольга', 'Юрьевна', 12, 1, 2, 3, 2, 0, '0000-00-00', 'o.medvedeva', 'c6vga1'),
(292, 'Варакина', 'Галина', 'Анатольевна', 17, 1, 5, 1, 3, 0, '2029-04-20', 'g.varakina', 'gf67t'),
(293, 'Путилин ', 'Константин', 'Александрович', 16, 1, 2, 1, 1, 0, '0000-00-00', 'k.putilin', 'r39st6'),
(295, 'Аверченко', 'Мария', 'Владимировна ', 4, 1, 6, 1, 2, 0, '0000-00-00', 'm.averchenko', 'bmxh'),
(296, 'Фазлыева', 'Екатерина', 'Игоревна', 7, 1, 4, 1, 2, 0, '0000-00-00', 'e.fazlieva', 'NTWAFZ'),
(306, 'Абросимова ', 'Эльвира ', 'Эйновна', 4, 1, 1, 1, 3, 0, '0000-00-00', 'e.abrosimova', '47gh'),
(307, 'Вильгаук', 'Ольга', 'Анатольевна', 8, 1, 2, 1, 3, 0, '0000-00-00', 'o.vilgauk', 'pdfoef'),
(308, 'Климова ', 'Татьяна', 'Александровна', 12, 1, 2, 1, 3, 0, '0000-00-00', 't.klimova', '47dz'),
(311, 'Елфимова', 'Олеся', 'Сергеевна', 19, 1, 4, 1, 3, 0, '2016-07-20', 'o.elfimova', 'mro1'),
(313, 'Клементьева', 'Ирина', 'Юрьевна', 4, 1, 6, 1, 3, 0, '2013-10-08', 'i.klementjeva', 'n2isw0'),
(314, 'Шумакова', 'Наталья', 'Викторовна', 16, 1, 3, 1, 3, 0, '0000-00-00', 'n.shumakova', 'vs4yI6'),
(315, 'Ильина', 'Марина', 'Александровна', 12, 1, 2, 1, 2, 0, '2012-12-16', 'm.ilina', 'f69jk'),
(319, 'Жигарева', 'Эльвира', 'Раисовна', 2, 1, 4, 1, 3, 0, '0000-00-00', 'e.jigareva', 'bmjR53'),
(320, 'Кириллова', 'Татьяна ', 'Дмитриевна', 7, 1, 2, 1, 3, 0, '2011-12-12', 't.kirillova', '9gd1Lh'),
(327, 'Буркарт', 'Марина', 'Михайловна', 5, 1, 6, 1, 3, 0, '2014-10-24', 'm.burkart', 'p68kl9'),
(328, 'Николаев', 'Сергей', 'Владимирович', 14, 1, 3, 3, 3, 0, '2015-12-14', 's.nikolaev', 'r25f4d'),
(330, 'Бирюкова', 'Юлия', 'Юрьевна', 19, 1, 4, 1, 3, 0, '2012-12-01', 'j.biryukova', 'z0vi'),
(331, 'Медведева', 'Ольга', 'Юрьевна', 12, 1, 2, 3, 2, 0, '0000-00-00', 'o.medvedeva', 'c6vga1'),
(332, 'Ефремова', 'Ирина', 'Васильевна', 13, 1, 2, 3, 3, 0, '2015-05-20', 'e.efremova', '3247'),
(333, 'Крашенинникова', 'Ирина ', 'Альбертовна', 14, 1, 6, 1, 2, 0, '0000-00-00', 'i.krasheninnikova', 'akjtss'),
(340, 'Воробьев', 'Сергей', 'Борисович', 18, 1, 2, 1, 1, 0, '2016-12-12', 's.vorobyev', '27aeV3'),
(341, 'Губчевская', 'Екатерина', 'Алексеевна', 11, 1, 1, 1, 1, 0, '0000-00-00', 'ek.gubchevskaja', '29vzt'),
(344, 'Панишев', 'Николай', 'Васильевич', 2, 1, 1, 1, 1, 0, '0000-00-00', 'i.krasheninnikova', 'akjtss'),
(351, 'Хуторянская', 'Инна', 'Валентиновна', 19, 1, 4, 1, 3, 0, '0000-00-00', 'i.hutoryanskaya', 'g0dx'),
(359, 'Бахтова', 'Наталья', 'Степановна', 2, 1, 3, 1, 3, 0, '0000-00-00', 'n.bahtova', 'f584s'),
(361, 'Ихсанова', 'Гузель', 'Иштугановна', 2, 1, 1, 1, 3, 0, '0000-00-00', 'g.ihsanova', '3864'),
(364, 'Шаркова', 'Лидия', 'Николаевна', 19, 1, 4, 1, 3, 0, '0000-00-00', 'Lsharkova', 'shuu'),
(374, 'Абдрахимов', 'Альберт', 'Алмазович', 7, 1, 2, 1, 3, 0, '2001-11-20', 'a.abdrahimov', 'yYPsuf'),
(376, 'Сивилькаева', 'Юлия', 'Федоровна', 2, 1, 6, 1, 2, 0, '2001-10-20', 'y.sivilkaeva', 's060916'),
(377, 'Клементьева', 'Ирина', 'Юрьевна', 4, 1, 6, 1, 3, 0, '2013-10-08', 'i.klementjeva', 'n2isw0'),
(382, 'Сарсенбаева', 'Лилия', 'Миргалиевна', 17, 3, 5, 1, 1, 0, '0000-00-00', 'l.sarsenbaeva', 'M100316'),
(383, 'Кяккинен', 'Нина', 'Ивановна', 19, 2, 4, 2, 3, 0, '0000-00-00', 'n.kyakkinen', '7777'),
(385, 'Фазлыева', 'Екатерина', 'Игоревна', 7, 1, 4, 1, 2, 0, '0000-00-00', 'e.fazlieva', 'NTWAFZ'),
(386, 'Нешпоренко', 'Дарья', 'Геннадьевна', 19, 1, 4, 1, 1, 0, '0000-00-00', 'd.neshporenko', '92lk'),
(389, 'Тарасова', 'Ольга', 'Александровна', 16, 1, 3, 1, 3, 0, '0000-00-00', 'o.tarasova', 'm3iTxY'),
(391, 'Кашина', 'Наталья', 'Владимировна', 4, 1, 2, 1, 3, 0, '2013-03-30', 'n.kashina', 'mJ2a6R'),
(392, 'Менакова ', 'Татьяна', 'Михайловна', 17, 1, 5, 1, 1, 0, '0000-00-00', 't.menakova', 'g84rs'),
(393, 'Степанова', 'Татьяна', 'Александровна', 2, 1, 1, 1, 1, 0, '0000-00-00', 't.shelemeteva', 'TereMere7'),
(395, 'Шаркова', 'Лидия', 'Николаевна', 19, 1, 4, 1, 3, 0, '0000-00-00', 'Lsharkova', 'shuv'),
(398, 'Васильева', 'Марина', 'Николаевна', 2, 1, 1, 1, 1, 0, '0000-00-00', 'm.vasilieva', 'm134r'),
(399, 'Астахина', 'Марина', 'Михайловна', 7, 1, 3, 1, 2, 0, '0000-00-00', 'm.astahina', 'qe5v'),
(400, 'Шмидт', 'Александр', 'Яковлевич', 15, 1, 5, 1, 3, 0, '2001-03-20', 'a.shmidt', 'a8QC2b'),
(401, 'Макаров', 'Алксандр', 'Викторович', 18, 1, 3, 3, 2, 0, '2015-12-29', 'a.makarov', '59ad13'),
(402, 'Гнеушев ', 'Юрий', 'Александрович', 18, 1, 3, 3, 2, 0, '2014-12-28', 'j.gneushev', '8kli'),
(405, 'Колесникова', 'Наталья', 'Николаевна', 19, 1, 4, 1, 3, 0, '2021-12-20', 'n.kolesnikova', 'rk68dj'),
(408, 'Шаркова', 'Лидия', 'Николаевна', 19, 1, 4, 1, 3, 0, '0000-00-00', 'Lsharkova', 'shuv'),
(413, 'Посуховская', 'Лариса', 'Валентиновна', 7, 1, 4, 1, 3, 0, '0000-00-00', 'l.posuhovskaia', 'r57l81'),
(414, 'Иванова', 'Наталья', 'Владимировна', 17, 1, 5, 1, 3, 0, '0000-00-00', 'nat.ivanova', '4d62'),
(420, 'Ершова', 'Лидия ', 'Ивановна', 16, 1, 3, 3, 3, 0, '0000-00-00', 'l.ershova', 'Kp90p'),
(421, 'Иванова', 'Татьяна', 'Петровна', 15, 1, 6, 3, 3, 0, '0000-00-00', 't.p.ivanova', '&Fi#2o'),
(422, 'Сахно', 'Ольга', 'Александровна', 11, 1, 5, 1, 3, 0, '2015-11-02', 'o.sahno', 'jl13f'),
(423, 'Трубина', 'Ирина', 'Николавна', 5, 1, 3, 1, 3, 0, '0000-00-00', 'i.trubina', 'JyF4w9'),
(424, 'Меняшева С.Б.', 'Светлана', 'Борисовна', 15, 1, 6, 1, 3, 0, '0000-00-00', 's.menyasheva', 'OJvpws'),
(428, 'Епифанова', 'Юлиана', 'Александровна', 15, 1, 6, 1, 3, 0, '0000-00-00', 'u.epiphanova', 'XshU6D'),
(431, 'Самарина', 'Вера', 'Яковлевна', 2, 1, 1, 1, 1, 0, '0000-00-00', 'v.samarina', ',kH+rU='),
(435, 'Гизатуллина ', 'Светлана ', 'Васильевна', 17, 1, 5, 1, 2, 0, '0000-00-00', 's.gizatullina', 'lm47xc'),
(436, 'Садчикова', 'Юлия', 'Николаевна', 2, 1, 5, 1, 2, 0, '2012-12-20', 'y.sadchikova', 'st12'),
(438, 'Павловская', 'Юлия ', 'Викторовна', 4, 1, 2, 1, 2, 0, '0000-00-00', 'u.pavlovskaya', 'rPygjE'),
(444, 'Шишняева', 'Валентина', 'Ивановна', 16, 1, 3, 1, 3, 0, '0000-00-00', 'v.shishnyaeva', 'I1w9B2'),
(445, 'Яхина', 'Людмила', 'Петровна', 15, 1, 6, 1, 3, 0, '0000-00-00', 'l.yahina', 'j3zdTC'),
(446, 'Смарина', 'Вера', 'Яковлевна', 2, 1, 1, 1, 1, 0, '2022-12-20', 'v.samarina', ',kH+rU='),
(447, 'Ческидова', 'Ольга', 'Анатольевна ', 4, 1, 3, 1, 1, 0, '0000-00-00', 'o.cheskidova', 'zf74'),
(448, 'Агутин', 'Владимир ', 'Михайлович', 15, 1, 6, 1, 3, 0, '0000-00-00', 'v.agutin', '2WhAo5'),
(449, 'Самарина', 'Вера', 'Яковлевна', 2, 1, 1, 1, 3, 0, '2011-12-22', 'v.samarina', ',kH+rU='),
(450, 'Самарина', 'Вера', 'Яковлевна', 2, 1, 1, 1, 3, 0, '2011-12-22', 'v.samarina', ',kH+rU='),
(451, 'Дегтяренко', 'Нелли ', 'Гадыняновна', 21, 1, 6, 1, 3, 0, '0000-00-00', 'n.degtyarenko', 'eHkMPY'),
(455, 'Кужин ', 'Роман', 'Мансурович', 16, 1, 3, 3, 2, 0, '2014-01-30', 'r.kugin', '0aioEv'),
(456, 'Панфилова', 'Ирина', 'Александровна', 2, 1, 3, 1, 2, 0, '2016-02-01', 'ipanfilova', 'eaer'),
(457, 'Овсянников', 'Игорь', 'Васильевич', 16, 1, 3, 3, 2, 0, '2014-01-30', 'i.ovsyannikov', '6i00Ic'),
(458, 'Гильмияров', 'Михаил', 'Нарисламович', 18, 1, 3, 1, 2, 0, '2014-06-25', 'm.gilmiyrov', 'g271'),
(460, 'Гильмияров', 'Михаил', 'Нарисламович', 18, 1, 3, 1, 2, 0, '2014-02-25', 'm.gilmiyrov', 'g271'),
(461, 'Самарина', 'Вера', 'Яковлевна', 18, 1, 6, 1, 3, 0, '0000-00-00', 'v.samarina', ',kH+rU='),
(466, 'Гондаренко', 'Светлана', 'Юрьевна', 16, 1, 3, 1, 3, 0, '0000-00-00', 's/gondarenko', '>i>KIft'),
(467, 'Гондаренко', 'Светлана', 'Юрьевна', 16, 1, 3, 1, 3, 0, '0000-00-00', 's.gondarenko', '>i>KIft'),
(468, 'Гондаренко', 'Светлана', 'Юрьевна', 2, 1, 1, 1, 1, 0, '0000-00-00', 's.gondarenko', '>i>KIft'),
(469, 'Ложкин', 'Игорь', 'Александрович', 15, 1, 6, 1, 2, 0, '2001-11-20', 'lozhkin.i', '187$waT'),
(470, ' Антропова', 'Наталья', 'Владимировна', 2, 1, 3, 1, 2, 0, '2011-12-22', 'n.antropova', 'rd17'),
(471, 'Чикунова', 'Ирина', 'Валерьевна', 17, 1, 5, 1, 3, 0, '0000-00-00', 'i.chikunova', '9yub'),
(473, 'Третьякова', 'Светлана ', 'Витальевна', 11, 1, 2, 1, 3, 0, '0000-00-00', 's.tretiakova', 'rd18'),
(474, 'Луговнина', 'Елена ', 'Николаевна', 17, 1, 5, 1, 3, 0, '0000-00-00', 'e.lugovnina', '37hj'),
(476, 'Луговнина', 'Елена', 'Николаевна', 17, 1, 5, 1, 3, 0, '0000-00-00', 'e.lugovnina', '37hj'),
(477, 'Перевалова', 'Ольга', 'Алексеевна', 15, 1, 6, 1, 3, 0, '2015-11-17', 'o.perevalova', 'J6Y5XM'),
(479, 'Перевалова', 'Ольга', 'Алексеевна', 15, 1, 6, 1, 3, 0, '2016-11-24', 'o.perevalova', 'J6Y5XM'),
(480, 'Перевалова', 'Ольга ', 'Алексеевна', 15, 1, 6, 1, 3, 0, '0000-00-00', 'o.perevalova', 'J6Y5XM'),
(487, 'Карпенко', 'Наталья', 'Васильевна', 11, 1, 2, 1, 3, 0, '0000-00-00', 'n.karpenko', '41zNNn'),
(488, 'Старокожева', 'Елена', 'Анатольевна', 19, 1, 1, 1, 2, 0, '0000-00-00', 'e.starokozheva', 'fnwn'),
(489, 'Старокожева', 'Елена', 'Анатольевна', 19, 1, 4, 1, 2, 0, '0000-00-00', 'e.starokozheva', 'fnwn'),
(490, 'Кашина', 'Марина', 'Владимировна', 17, 1, 1, 1, 3, 0, '0000-00-00', 'm.kashina', 'j93h75'),
(494, 'Иванов', 'Алексей', 'Владимирович', 2, 1, 1, 1, 1, 0, '2016-10-05', 'ivanov4', '827ccb0eea8a706c4c34a16891f84e7b'),
(497, 'Сидоров', 'Иван', 'Александрович', 11, 1, 1, 3, 1, 0, '2018-04-14', 'ivanov', '202cb962ac59075b964b07152d234b70'),
(498, 'Иванов', 'Андрей', 'Иванович', 11, 2, 1, 2, 2, 0, '2016-12-01', 'petr', '202cb962ac59075b964b07152d234b70'),
(507, 'Иванов', 'Иван', 'Иванович', 6, 1, 1, 1, 1, 1, '0000-00-00', 'i.ivanov', '202cb962ac59075b964b07152d234b70'),
(508, 'Иванов', 'Иван', 'Иванович', 4, 3, 2, 1, 1, 0, '0000-00-00', 'i.ivanov2', '202cb962ac59075b964b07152d234b70'),
(509, 'Иванов', 'Иван', 'Иванович', 10, 3, 1, 1, 1, 0, '0000-00-00', 'i.ivanov3', '202cb962ac59075b964b07152d234b70'),
(510, 'Иванов', 'Иван', 'Иванович', 6, 3, 1, 1, 1, 0, '0000-00-00', 'i.ivanov5', '202cb962ac59075b964b07152d234b70'),
(511, 'Иванов', 'Иван', 'Иванович', 10, 3, 1, 1, 1, 0, '0000-00-00', 'i.ivanov6', '827ccb0eea8a706c4c34a16891f84e7b');

-- --------------------------------------------------------

--
-- Структура таблицы `foundation_offices`
--

CREATE TABLE `foundation_offices` (
  `id` bigint(20) UNSIGNED NOT NULL,
  `id_t_cabinet` bigint(20) UNSIGNED NOT NULL,
  `oname` varchar(150) NOT NULL,
  `ppccz` bigint(20) UNSIGNED NOT NULL
) ENGINE=InnoDB DEFAULT CHARSET=utf8;

--
-- Дамп данных таблицы `foundation_offices`
--

INSERT INTO `foundation_offices` (`id`, `id_t_cabinet`, `oname`, `ppccz`) VALUES
(1, 1, '123', 1),
(2, 2, '123', 1),
(3, 3, 'w123123', 8),
(4, 3, 'Химии', 1),
(5, 4, 'истории', 2),
(6, 3, '123', 19),
(7, 2, '32423', 9),
(8, 5, 'dfgdfgdf', 19),
(9, 7, '123', 2),
(10, 1, 'технического обслуживания и ремонта дорог', 16);

-- --------------------------------------------------------

--
-- Структура таблицы `organizational_methodical_materials`
--

CREATE TABLE `organizational_methodical_materials` (
  `id` bigint(20) UNSIGNED NOT NULL,
  `oname` varchar(100) NOT NULL,
  `file_path` varchar(100) NOT NULL,
  `file_name` varchar(100) NOT NULL
) ENGINE=InnoDB DEFAULT CHARSET=utf8;

-- --------------------------------------------------------

--
-- Структура таблицы `organizational_methodological_work`
--

CREATE TABLE `organizational_methodological_work` (
  `id_omw` bigint(20) UNSIGNED NOT NULL,
  `type_work` bigint(20) UNSIGNED NOT NULL,
  `type_event` bigint(20) UNSIGNED NOT NULL,
  `name_event` varchar(150) NOT NULL,
  `lev_event` bigint(20) UNSIGNED NOT NULL,
  `sdate` varchar(100) NOT NULL,
  `information_students` varchar(150) DEFAULT NULL,
  `zdate` date DEFAULT NULL,
  `result_executing` varchar(30) DEFAULT NULL,
  `id_employee` bigint(20) UNSIGNED NOT NULL,
  `id_academic_year` varchar(20) DEFAULT NULL
) ENGINE=InnoDB DEFAULT CHARSET=utf8;

--
-- Дамп данных таблицы `organizational_methodological_work`
--

INSERT INTO `organizational_methodological_work` (`id_omw`, `type_work`, `type_event`, `name_event`, `lev_event`, `sdate`, `information_students`, `zdate`, `result_executing`, `id_employee`, `id_academic_year`) VALUES
(7, 2, 1, 'hghgfgh', 1, 'vhggj', 'ghgfjgfj', '2017-09-01', '456465', 497, '2014/2015'),
(12, 3, 34, '123', 2, 'ljklklj', 'ljk', '2017-09-01', '979', 497, '2015/2016'),
(13, 1, 34, '43534', 4, '34534', '43534', '2017-09-01', 'Не выполнено: dgdfgfgfdg', 497, '2016/2017'),
(14, 4, 22, 'erter', 3, 'erter', 'tert', '2017-09-01', '', 498, '2016/2017'),
(15, 4, 26, 'fhfghf', 4, '123', 'asd', '2017-09-01', NULL, 497, '2015/2016'),
(16, 4, 8, 'jhjhjh', 2, '8768', 'hkhj', '2017-09-01', NULL, 498, '2016/2017'),
(17, 4, 14, 'fhfghf', 3, '5464', 'gfhfgf0908909090', '2017-09-01', 'm,.nb', 498, '2016/2017'),
(18, 4, 16, '12345', 4, '12345', '12345', '2017-09-01', NULL, 497, '2015/2016'),
(19, 3, 21, 'wdrw', 6, 'werwe', 'rwerwe', '2017-09-01', NULL, 497, '2015/2016'),
(21, 4, 13, 'gfhgfh', 6, 'gfhfhgfh456464', 'ghfgh6464', '2017-12-08', NULL, 497, '2016/2017'),
(22, 1, 16, 'jhjhgj967', 5, 'jhgjghj786', 'hjgj8667', '2017-12-08', NULL, 497, '2015/2016'),
(23, 1, 14, 'kkl', 2, 'lkl', 'yu', '2017-12-08', 'Выполнено: zczxcz', 497, '2015/2016'),
(24, 4, 13, 'dsad', 4, 'sdfs', 'dsfs', '2018-03-13', NULL, 497, '2016/2017'),
(25, 4, 3, 'sad', 4, 'asdafsaasfasfasf', 'dasdsa', '2018-03-28', NULL, 497, '2016/2017'),
(26, 2, 2, 'ЕН.02', 6, 'декабрь 2017', 'ДаК-15-1', '2018-05-09', 'Выполнено: 30 сеансов', 507, '2017/2018'),
(27, 2, 1, 'тестирование', 2, '10-25 май 2018', 'Кс15-1; Кс15-2', '2018-05-12', NULL, 497, '2017/2018');

-- --------------------------------------------------------

--
-- Структура таблицы `ppccz`
--

CREATE TABLE `ppccz` (
  `id_ppccz` bigint(20) UNSIGNED NOT NULL,
  `cipher_specialty` varchar(20) NOT NULL,
  `name_ppccz` varchar(200) NOT NULL,
  `id_department` bigint(20) UNSIGNED NOT NULL
) ENGINE=InnoDB DEFAULT CHARSET=utf8;

--
-- Дамп данных таблицы `ppccz`
--

INSERT INTO `ppccz` (`id_ppccz`, `cipher_specialty`, `name_ppccz`, `id_department`) VALUES
(1, '09.02.01', 'Компьютерные системы и комплексы', 2),
(2, '09.02.03', 'Программирование в компьютерных системах и комплексах', 1),
(3, '15.02.07', 'Автоматизация производственных процессов и производств (по отраслям)', 1),
(4, '19.02.10', 'Технология продукции общественного питания', 2),
(5, '44.02.06То', 'Профессиональное обучение (по отраслям). Техническое обслуживание и ремонт автомобильного транспорта', 6),
(6, '21.02.05', 'Земельно-имущественные отношения', 1),
(7, '44.02.06Св', 'Профессиональное обучение (по отраслям). Сварочное производство', 3),
(8, '44.02.06Мк', 'Профессиональное обучение (по отраслям). Конструирование, моделирование и технология швейных изделий', 1),
(9, '43.02.01', 'Организация обслуживания в общественном питании', 1),
(10, '43.02.02', 'Парикмахерское искусство', 1),
(11, '46.02.01', 'Документационное обеспечение управления и архивоведение', 5),
(12, '44.02.06Мг', 'Профессиональное обучение (по отраслям). Техническая эксплуатация гидравлических машин, гидроприводов и гидропневмоавтоматики', 3),
(13, '15.02.01 ', 'Монтаж и техническая эксплуатация промышленного оборудования (по отраслям)', 1),
(14, '15.02.03', 'Техническая эксплуатация гидравлических машин, гидроприводов и гидропневмоавтоматики', 1),
(15, '23.02.03 ', 'Техническое обслуживание и ремонт автомобильного транспорта', 1),
(16, '23.02.04', 'Техническая эксплуатация подъемно-транспортных, строительных, дорожных машин и оборудования (по отра', 3),
(17, '38.02.01', 'Экономика и бухгалтерский учет (по отраслям)', 6),
(18, '38.02.05 ', 'Товароведение и экспертиза качества потребительских товаров', 1),
(19, '08.02.01', 'Строительство и эксплуатация зданий и сооружений', 1),
(20, '08.02.09', 'Монтаж, наладка и эксплуатация электрооборудования промышленных и гражданских зданий', 6),
(21, '13.02.11', 'Техническая эксплуатация и обслуживание электрического и электромеханического оборудования (по отрас', 1),
(22, '22.02.01', 'Металлургия черных металлов', 1),
(23, '22.02.05 ', 'Обработка металлов давлением', 6),
(30, '44.02.06Мо', 'Профессиональное обучение (по отраслям). Обработка металлов давлением', 1),
(31, '44.02.06С', 'Профессиональное обучение (по отраслям). Строительство и эксплуатация зданий и сооружений', 3),
(33, '44.02.06Тэ', 'Профессиональное обучение (по отраслям). Техническая эксплуатация и обслуживание электрического и электромеханического оборудования (по отраслям)', 1),
(34, '44.02.06Пи', 'Профессиональное обучение (по отраслям). Парикмахерское искусство', 1);

-- --------------------------------------------------------

--
-- Структура таблицы `scientific_methodical_work`
--

CREATE TABLE `scientific_methodical_work` (
  `id_smw` bigint(20) UNSIGNED NOT NULL,
  `type_work` bigint(20) UNSIGNED NOT NULL,
  `type_event` bigint(20) UNSIGNED NOT NULL,
  `name_event` varchar(150) NOT NULL,
  `level_event` bigint(20) UNSIGNED NOT NULL,
  `sdate` varchar(100) NOT NULL,
  `place` varchar(150) DEFAULT NULL,
  `type_of_participation` bigint(20) UNSIGNED DEFAULT NULL,
  `zdate` date DEFAULT NULL,
  `result_executing` varchar(30) DEFAULT NULL,
  `id_employee` bigint(20) UNSIGNED NOT NULL,
  `id_academic_year` varchar(20) DEFAULT NULL
) ENGINE=InnoDB DEFAULT CHARSET=utf8;

--
-- Дамп данных таблицы `scientific_methodical_work`
--

INSERT INTO `scientific_methodical_work` (`id_smw`, `type_work`, `type_event`, `name_event`, `level_event`, `sdate`, `place`, `type_of_participation`, `zdate`, `result_executing`, `id_employee`, `id_academic_year`) VALUES
(4, 2, 2, 'sd', 2, 'sdfsd', 'dsfsdf', 1, '2017-09-01', NULL, 497, '2014/2015'),
(7, 2, 2, 'sdfsd', 2, 'sdfsd', 'dsfsdf', 1, '2017-09-01', NULL, 497, '2014/2015'),
(13, 2, 3, '423', 1, '4343', 'erte', 1, '2017-09-01', '123', 497, '2014/2015'),
(15, 2, 3, '34534', 2, '345', '345', 1, '2017-09-01', 'tyyuy', 497, '2014/2015'),
(24, 1, 2, '1', 2, '1', '1', 3, '2017-09-01', 'oip', 497, '2015/2016'),
(26, 2, 10, 'dsfs', 4, 'dsfsd', 'dfssd', 1, '2017-09-01', NULL, 497, '2014/2015'),
(28, 2, 2, 'trytr', 4, 'rtytr', 'ytryr', 3, '2017-09-01', 'Не выполнено: dfgdfg', 497, '2016/2017'),
(30, 3, 8, 'aewe', 4, 'qwe', 'qeq', 1, '2017-09-01', NULL, 498, '2016/2017'),
(31, 2, 8, '123', 4, '123', '123', 2, '2017-09-01', '788hjhjh', 498, '2016/2017'),
(32, 3, 4, 'iii', 6, 'iuj', 'nbv', 1, '2017-09-01', 'Не выполнено: вапвап', 497, '2016/2017'),
(33, 2, 6, '22', 6, '24242', '242', 3, '2017-09-01', NULL, 497, '2016/2017'),
(34, 2, 10, '123124', 4, 'werrwe', 'werwe', 2, '2017-09-01', NULL, 497, '2016/2017'),
(35, 2, 7, '123', 4, '123', '123', 2, '2017-09-01', NULL, 497, '2016/2017'),
(36, 2, 8, 'ljklkjl', 4, 'ljklkj', 'jljklkj', 2, '2017-09-01', NULL, 497, '2016/2017'),
(37, 1, 3, 'sdfsdf', 6, 'sdfsdf', 'sdfsd', 3, '2017-09-01', NULL, 497, '2016/2017'),
(38, 1, 8, 'dgdfg', 4, 'dfgd', 'gdfgdf', 3, '2017-09-01', NULL, 497, '2016/2017'),
(39, 3, 3, 'j89', 2, 'jkl', 'jlkjl', 1, '2017-09-01', 'Не выполнено: 2131412', 497, '2016/2017'),
(40, 3, 8, '46', 3, 'fg', 'hfgh', 3, '2017-09-01', NULL, 498, '2016/2017'),
(41, 3, 8, '123', 4, 'wer', 'werw', 3, '2017-09-01', 'Выполнено: 32432', 497, '2015/2016'),
(42, 2, 8, 'fdg', 4, 'dfgfd', 'gdg', 2, '2017-12-08', 'Выполнено: 23432', 497, '2015/2016'),
(43, 2, 8, 'asdas', 4, 'asdsa', 'asdas', 2, '2018-03-28', NULL, 497, '2016/2017'),
(44, 1, 8, 'Лучшая методическая разработка', 6, 'июнь 2018', 'МПК', 1, '2018-05-09', 'Выполнено: Диплом II степени, ', 507, '2017/2018'),
(45, 1, 6, 'Педагогические идеи и технологии: профессиональное образование', 2, 'апрель 2017', 'www.educontest.net', 3, '2018-05-12', NULL, 497, '2017/2018');

-- --------------------------------------------------------

--
-- Структура таблицы `skills_enchancement`
--

CREATE TABLE `skills_enchancement` (
  `id_se` bigint(20) UNSIGNED NOT NULL,
  `type_work` bigint(20) UNSIGNED NOT NULL,
  `form_enchancement` varchar(150) DEFAULT NULL,
  `sdate` varchar(100) NOT NULL,
  `place` varchar(150) NOT NULL,
  `theme` varchar(150) NOT NULL,
  `zdate` date NOT NULL,
  `result_executing` varchar(30) DEFAULT NULL,
  `id_employee` bigint(20) UNSIGNED NOT NULL,
  `id_academic_year` varchar(20) DEFAULT NULL
) ENGINE=InnoDB DEFAULT CHARSET=utf8;

--
-- Дамп данных таблицы `skills_enchancement`
--

INSERT INTO `skills_enchancement` (`id_se`, `type_work`, `form_enchancement`, `sdate`, `place`, `theme`, `zdate`, `result_executing`, `id_employee`, `id_academic_year`) VALUES
(17, 4, NULL, 'terter', 'etrter', 'ertert', '2017-09-01', 'hkj78678972', 498, '2016/2017'),
(18, 1, NULL, '34534', '5435345', '345345', '2017-09-01', 'Не выполнено: erterter53453636', 497, '2016/2017'),
(19, 8, NULL, 'iouio', 'uio', 'ouo78', '2017-09-01', 'Выполнено: errrterterte', 497, '2016/2017'),
(20, 8, NULL, 'jk', 'hjkhk', 'khj', '2017-09-01', NULL, 497, '2015/2016'),
(21, 7, NULL, '53534', 'dfdfgdf', 'gdfgdfgdfgdfgdf', '2017-09-01', NULL, 498, '2016/2017'),
(22, 1, NULL, 'wqaw', 'asdasdas', 'asdasdas', '2017-09-01', NULL, 497, '2015/2016'),
(23, 4, NULL, 'dg', 'efewrw', '324sdfsdfsdd324', '2017-09-01', NULL, 497, '2015/2016'),
(24, 8, NULL, 'hjjjh', 'jh78', '6867', '2017-12-08', '', 497, '2016/2017'),
(25, 6, NULL, 'ываыв', 'ываыва', 'ываываы', '2017-12-08', NULL, 497, '2015/2016'),
(26, 7, NULL, 'dfgd', 'afjlngjkfngjkdngkdfngkjdfngdfgnjkdfgndfjkgndfjgfdgdfgdfgdfgdfgdfgdfgdf', 'gdfgdfgdfgdfgdfgdfgdfgfdgdgdfgdfgfdgdfgdfgfdgdfgdfgdfgfdgdfgdf', '2017-12-11', 'Не выполнено: zxcxzcz', 497, '2015/2016'),
(27, 4, NULL, 'xczxc', 'zxczxc', 'wqeqxc322', '2018-03-28', NULL, 497, '2016/2017'),
(28, 2, NULL, '12.2016', 'МпК', 'Гранд-смета', '2018-05-09', 'Выполнено: Сертификат', 507, '2017/2018');

-- --------------------------------------------------------

--
-- Структура таблицы `spr_category`
--

CREATE TABLE `spr_category` (
  `id` bigint(20) UNSIGNED NOT NULL,
  `catname` varchar(30) NOT NULL
) ENGINE=InnoDB DEFAULT CHARSET=utf8;

--
-- Дамп данных таблицы `spr_category`
--

INSERT INTO `spr_category` (`id`, `catname`) VALUES
(1, 'без категории'),
(2, 'первой категории'),
(3, 'высшей категории');

-- --------------------------------------------------------

--
-- Структура таблицы `spr_cipher_group`
--

CREATE TABLE `spr_cipher_group` (
  `id` bigint(20) UNSIGNED NOT NULL,
  `gname` varchar(30) NOT NULL,
  `ppccz` bigint(20) UNSIGNED NOT NULL
) ENGINE=InnoDB DEFAULT CHARSET=utf8;

--
-- Дамп данных таблицы `spr_cipher_group`
--

INSERT INTO `spr_cipher_group` (`id`, `gname`, `ppccz`) VALUES
(3, 'ПКс-13-1', 1),
(4, 'ПКс-14-1', 1),
(5, 'ПКс-14-2', 1),
(6, 'Кс-15-1', 1),
(7, 'Кс-15-2', 1),
(8, 'ППрК-16-1', 2),
(9, 'ППр-12-1у', 2),
(10, 'ППр-13-1', 2),
(11, 'ППр-13-2', 2),
(12, 'ППр-14-1', 2),
(13, 'ППрК-14-1', 2),
(14, 'Пр-15-1', 2),
(15, 'Пр15-2', 2),
(16, 'Пр-16-1', 2),
(17, 'Пр-16-2', 2),
(18, 'МА-13-1', 3),
(19, 'МА-14-1', 3),
(20, 'А-15-1', 3),
(21, 'А-15-2', 3),
(22, 'ПТ-13-1', 4),
(24, 'ПТ-13-2', 4),
(25, 'ПТ-13-3', 4),
(26, 'ПТ-14-1', 4),
(27, 'ПТК-15-1', 4),
(28, 'ПТК-16-1', 4),
(29, 'ПТК-16-1', 4),
(30, 'ПО-13-1', 9),
(31, 'ППи-15-1у', 34),
(32, 'ПП-13-1у', 10),
(33, 'ППтоК-13-1у', 5),
(34, 'ППмк-12-1у', 8),
(35, 'ППмк-13-2у', 8),
(36, 'ППмк-14-1у', 8),
(37, 'ППмк-13-2у', 8),
(38, 'ППтоК-14-1у', 5),
(39, 'ППсв-12-1у', 7),
(40, 'ППсв-14-1у', 7),
(41, 'Псв-15-1у', 7),
(42, 'ПДаК-14-1', 11),
(43, 'ПДаК-14-2', 11),
(44, 'ДаК-15-1', 11),
(45, 'ДаК-16-1', 11),
(46, 'ММ-13-1', 13),
(47, 'ММ-14-1', 13),
(48, 'ММ-14-2', 13),
(49, 'М-15-1', 13),
(50, 'М-15-2', 13),
(51, 'ММг-13-1', 14),
(52, 'ММг-14-1', 14),
(53, 'Мг-15-1', 14),
(54, 'СТа-13-1', 15),
(55, 'СТа-13-2', 15),
(56, 'СТа-14-1', 15),
(57, 'СТаК-14-1', 15),
(58, 'Та-15-1', 15),
(59, 'ТаК-15-1', 15),
(60, 'ТаК-16-1', 15),
(61, 'СТ-13-1', 16),
(62, 'СТ-14-1', 16),
(63, 'Т-15-1', 16),
(64, 'ТК-16-1', 16),
(65, 'ПМг-16-1у', 12),
(66, 'СТз-13-1', 16),
(67, 'СТз-14-1', 16),
(68, 'СЗи-14-1', 6),
(69, 'СЗиК-14-1', 6),
(70, 'ЗиК-15-1', 6),
(71, 'ЗиК-15-5', 6),
(72, 'ЗиК-16-1', 6),
(73, 'ЗиК-16-5', 6),
(74, 'СЭК-14-1', 17),
(75, 'СЭК-14-2', 17),
(76, 'ЭК-15-1', 17),
(77, 'ЭК-15-2', 17),
(78, 'ЭК-16-1', 17),
(79, 'ЭК-16-2', 17),
(80, 'ЭК-16-5', 17),
(81, 'ПТв-14-1', 18),
(82, 'ПТв-14-2', 18),
(83, 'Тв-15-1', 18),
(84, 'Тв-16-1', 18),
(85, 'СЭзК-14-1', 17),
(86, 'ЭзК-15-1', 17),
(87, 'ПТвзК-14', 18),
(88, 'ЗиКд-16-1', 6),
(89, 'ЭзК-16-1', 17),
(90, 'СС-13-1', 20),
(91, 'СС-13-2', 19),
(92, 'СС-13-3', 19),
(93, 'СС-13-4', 19),
(94, 'СС-14-1', 19),
(95, 'СС-14-2', 19),
(96, 'СС-14-3', 19),
(97, 'С-15-1', 19),
(98, 'С-15-2', 19),
(99, 'С-15-3', 19),
(100, 'МСК-16-1', 19),
(101, 'ПС-16-1у', 31),
(102, 'ММэ-13-1', 20),
(103, 'ММэ-14-1', 20),
(104, 'Мэ-15-1', 20),
(105, 'ССзК-13-1', 19),
(106, 'СзК-15-1', 19),
(107, 'МТэ-13-1', 21),
(108, 'МТэ-13-2', 21),
(109, 'МТэ-14-1', 21),
(110, 'МТэ-14-2', 21),
(111, 'Тэ-15-1', 21),
(112, 'Тэ-15-2', 21),
(113, 'Тэ-15-3', 21),
(114, 'Птэ-16-1у', 33),
(115, 'ММдс-13-1', 22),
(116, 'ММдс-14-1', 22),
(117, 'Мдс-15-1', 22),
(118, 'МО-13-1', 23),
(119, 'МО-13-2', 23),
(120, 'МО-14-1', 23),
(121, 'МО-14-2', 23),
(122, 'О-15-1', 23),
(123, 'О-15-2', 23),
(124, 'ПМО-16-1у', 30),
(125, 'Мтэз-13', 21),
(126, 'Мтэз-14', 21),
(127, 'Тэз-15', 21);

-- --------------------------------------------------------

--
-- Структура таблицы `spr_department`
--

CREATE TABLE `spr_department` (
  `id` bigint(20) UNSIGNED NOT NULL,
  `dep_name` varchar(100) NOT NULL
) ENGINE=InnoDB DEFAULT CHARSET=utf8;

--
-- Дамп данных таблицы `spr_department`
--

INSERT INTO `spr_department` (`id`, `dep_name`) VALUES
(1, 'Отделение №1 Информационные технологии и автоматизация технологических процессов '),
(2, 'Отделение №2 Профессиональное обучение, сервис и документоведение'),
(3, 'Отделение №3 Механическое, гидравлическое оборудование и транспорт'),
(4, 'Отделение №4 Экономика, земельно-имущественные отношения и товароведение'),
(5, 'Отделение №5 Строительство и эксплуатация зданий и сооружений'),
(6, 'Отделение №6 Металлургия, эксплуатация и обслуживание электрооборудования');

-- --------------------------------------------------------

--
-- Структура таблицы `spr_event_nmp`
--

CREATE TABLE `spr_event_nmp` (
  `id_event_nmp` bigint(20) UNSIGNED NOT NULL,
  `name_event_nmp` varchar(100) NOT NULL
) ENGINE=InnoDB DEFAULT CHARSET=utf8;

--
-- Дамп данных таблицы `spr_event_nmp`
--

INSERT INTO `spr_event_nmp` (`id_event_nmp`, `name_event_nmp`) VALUES
(1, 'научно-практическая конференция'),
(2, 'академические чтения'),
(3, 'круглый стол'),
(4, 'педагогический совет'),
(5, 'методическая комиссия'),
(6, 'методическое объединение'),
(7, 'конкурс профессионального мастерства'),
(8, 'выставка'),
(9, 'работа ПК'),
(10, 'работа ПЦК');

-- --------------------------------------------------------

--
-- Структура таблицы `spr_index_disciplines`
--

CREATE TABLE `spr_index_disciplines` (
  `id_ind` bigint(20) UNSIGNED NOT NULL,
  `dindex` varchar(50) NOT NULL
) ENGINE=InnoDB DEFAULT CHARSET=utf8;

--
-- Дамп данных таблицы `spr_index_disciplines`
--

INSERT INTO `spr_index_disciplines` (`id_ind`, `dindex`) VALUES
(1, 'ЕН.01'),
(2, 'ОП.01'),
(3, 'ОП.02'),
(4, 'ОП.03'),
(5, 'ОП.04'),
(6, 'ОП.05'),
(7, 'ОП.06'),
(8, 'ОП.07'),
(9, 'ОП.08'),
(10, 'ОП.09'),
(11, 'ОП.10'),
(12, 'ЕН.02'),
(13, 'ЕН.03'),
(14, 'МДК.01.01'),
(15, 'МДК.01.02'),
(16, 'МДК.02.01'),
(17, 'МДК.02.02'),
(18, 'МДК.03.01'),
(19, 'МДК.03.02'),
(20, 'МДК.03.03'),
(21, 'МДК.04.01'),
(22, 'МДК.05.01'),
(23, 'ПДП.1'),
(24, 'ПП.01.01'),
(25, 'ПП.02.01'),
(26, 'ПП.03.01'),
(27, 'ПП.04.01'),
(28, 'ПП.05.01'),
(29, 'Т.01.02.01'),
(30, 'Т.01.02.02'),
(31, 'Т.02.01.01'),
(32, 'Т.02.01.02'),
(33, 'Т.02.02.01'),
(34, 'Т.02.02.02'),
(35, 'Т.03.01.01'),
(36, 'Т.03.01.02'),
(37, 'Т.03.01.03'),
(38, 'Т.03.01.04'),
(39, 'Т.03.01.05'),
(40, 'Т.03.01.06'),
(41, 'Т.04.02.01'),
(42, 'Т.04.02.02'),
(43, 'УП.01.01'),
(44, 'УП.02.01'),
(45, 'УП.03.01'),
(46, 'УП.04.01'),
(47, 'УП.05.01'),
(48, 'УП.01.01.01'),
(49, 'БД.01'),
(50, 'БД.02'),
(51, 'БД.03'),
(52, 'ОП.11'),
(53, 'ОП.12'),
(54, 'ОГСЭ.01'),
(55, 'ОГСЭ.02'),
(56, 'ОГСЭ.03'),
(57, 'ОГСЭ.04'),
(58, 'ОГСЭ.05'),
(59, 'ПОО.01'),
(60, 'ПД.01'),
(61, 'ПД.02'),
(62, 'ПД.03'),
(63, 'ПМ.01'),
(64, 'ПМ.02'),
(65, 'ПМ.03'),
(66, 'ПМ.04'),
(67, 'БД.04'),
(68, 'БД.05'),
(69, 'БД.06'),
(70, 'БД.07'),
(71, 'БД.08'),
(72, 'БД.09'),
(73, 'БД.10'),
(74, 'ПД.04'),
(75, 'ПОО.1'),
(76, 'ЕН.02'),
(77, 'ОП.11'),
(78, 'ОП.12'),
(79, 'ОП.13'),
(80, 'МДК.04.02'),
(81, 'ПМ.05'),
(83, 'МДК.04.02'),
(84, 'МДК.01.03'),
(85, 'МДК.02.03'),
(86, 'ОГСЭ.06'),
(87, 'ОГСЭ.07'),
(88, 'ОП.14'),
(89, 'УП.04.02'),
(90, 'ЕН.03'),
(93, 'УП.03.02'),
(94, 'МДК.06.01'),
(95, 'МДК.06.01'),
(96, 'ПП.06.01'),
(97, 'УП.06.01'),
(98, 'ЕН.04'),
(99, 'МДК.01.03'),
(100, 'МДК.04.02'),
(101, 'МДК.01.04'),
(102, 'МДК.05.02'),
(103, 'ПП.05.01'),
(104, 'ПМ.06'),
(105, 'МДК.07.01'),
(106, 'УП.07.01'),
(107, 'МДК.04.03'),
(108, 'МДК.02.04'),
(110, 'ОГСЭ.08'),
(111, 'Т.01.01.01'),
(112, 'Т.01.01.02'),
(113, 'Т.04.04.02');

-- --------------------------------------------------------

--
-- Структура таблицы `spr_level_events`
--

CREATE TABLE `spr_level_events` (
  `id_level` bigint(20) UNSIGNED NOT NULL,
  `name_level` varchar(60) NOT NULL
) ENGINE=InnoDB DEFAULT CHARSET=utf8;

--
-- Дамп данных таблицы `spr_level_events`
--

INSERT INTO `spr_level_events` (`id_level`, `name_level`) VALUES
(1, 'международный'),
(2, 'всероссийский'),
(3, 'региональный'),
(4, 'городской'),
(5, 'университетский'),
(6, 'колледжный');

-- --------------------------------------------------------

--
-- Структура таблицы `spr_pk_pks`
--

CREATE TABLE `spr_pk_pks` (
  `id` bigint(20) UNSIGNED NOT NULL,
  `name` varchar(100) NOT NULL
) ENGINE=InnoDB DEFAULT CHARSET=utf8;

--
-- Дамп данных таблицы `spr_pk_pks`
--

INSERT INTO `spr_pk_pks` (`id`, `name`) VALUES
(2, 'Математических и естественнонаучных дисциплин'),
(4, 'Иностранного языка'),
(5, 'Физической культуры и БЖ'),
(6, 'Информатики и ИКТ'),
(7, 'Социально-экономических дисциплин'),
(8, 'Психолого-педагогических дисциплин'),
(10, 'Информатики и вычислительной техники'),
(11, 'Документоведения и гуманитарных дисциплин'),
(12, 'Технологии продукции общественного питания'),
(13, 'Сферы обслуживания'),
(14, 'Металургии черных металлов'),
(15, 'Монтажа и эксплуатации электрооборудования'),
(16, 'Механического и гидравлического оборудования'),
(17, 'Строительства и эксплуатации зданий и сооружений'),
(18, 'Строительных и транспортных машин'),
(19, 'Экономики, бухгалтерского учёта и земельно-имущественных отношений'),
(21, 'Обработки металлов давлением и автоматизации технологических процессов'),
(22, 'Товароведения и экспертизы качества потребительских товаров');

-- --------------------------------------------------------

--
-- Структура таблицы `spr_placement`
--

CREATE TABLE `spr_placement` (
  `id` bigint(20) UNSIGNED NOT NULL,
  `pname` varchar(100) NOT NULL
) ENGINE=InnoDB DEFAULT CHARSET=utf8 ROW_FORMAT=COMPACT;

--
-- Дамп данных таблицы `spr_placement`
--

INSERT INTO `spr_placement` (`id`, `pname`) VALUES
(1, 'a309'),
(2, 'a311');

-- --------------------------------------------------------

--
-- Структура таблицы `spr_posts`
--

CREATE TABLE `spr_posts` (
  `id` bigint(20) UNSIGNED NOT NULL,
  `post_name` varchar(50) NOT NULL
) ENGINE=InnoDB DEFAULT CHARSET=utf8;

--
-- Дамп данных таблицы `spr_posts`
--

INSERT INTO `spr_posts` (`id`, `post_name`) VALUES
(1, 'преподаватель'),
(2, 'методист'),
(3, 'мастер производственного обучения'),
(4, 'руководитель физического воспитания');

-- --------------------------------------------------------

--
-- Структура таблицы `spr_t_activities`
--

CREATE TABLE `spr_t_activities` (
  `id` bigint(20) UNSIGNED NOT NULL,
  `name` varchar(30) NOT NULL
) ENGINE=InnoDB DEFAULT CHARSET=utf8;

--
-- Дамп данных таблицы `spr_t_activities`
--

INSERT INTO `spr_t_activities` (`id`, `name`) VALUES
(2, 'актуализация'),
(3, 'корректировка'),
(1, 'разработка');

-- --------------------------------------------------------

--
-- Структура таблицы `spr_t_cabinet`
--

CREATE TABLE `spr_t_cabinet` (
  `id` bigint(20) UNSIGNED NOT NULL,
  `cname` varchar(150) NOT NULL
) ENGINE=InnoDB DEFAULT CHARSET=utf8 ROW_FORMAT=COMPACT;

--
-- Дамп данных таблицы `spr_t_cabinet`
--

INSERT INTO `spr_t_cabinet` (`id`, `cname`) VALUES
(1, 'Кабинет'),
(2, 'Лаборатории'),
(3, 'Мастерские'),
(4, 'Спортивный комплекс'),
(5, 'Залы'),
(6, 'Полигоны'),
(7, 'Тренажеры, тренажерные комплекc');

-- --------------------------------------------------------

--
-- Структура таблицы `spr_t_employee`
--

CREATE TABLE `spr_t_employee` (
  `id` bigint(20) UNSIGNED NOT NULL,
  `emp_name` varchar(50) NOT NULL
) ENGINE=InnoDB DEFAULT CHARSET=utf8;

--
-- Дамп данных таблицы `spr_t_employee`
--

INSERT INTO `spr_t_employee` (`id`, `emp_name`) VALUES
(1, 'штатный'),
(2, 'внутренний штатный совместитель'),
(3, 'внешний совместитель');

-- --------------------------------------------------------

--
-- Структура таблицы `spr_t_event`
--

CREATE TABLE `spr_t_event` (
  `id` bigint(20) UNSIGNED NOT NULL,
  `evname` varchar(100) NOT NULL
) ENGINE=InnoDB DEFAULT CHARSET=utf8;

--
-- Дамп данных таблицы `spr_t_event`
--

INSERT INTO `spr_t_event` (`id`, `evname`) VALUES
(1, 'Интернет-тестирование: ФЭПО'),
(2, 'Интернет-тестирование: тренажеры'),
(3, 'День открытых дверей'),
(8, 'Университетская суббота'),
(9, 'Квест-игра'),
(10, 'Работа спортивной секции'),
(11, 'Работа предметного кружка'),
(12, 'Интернет-тестирование: интернет-олимпиада'),
(13, 'Интернет-тестирование: диагностическое тестирование I курса'),
(14, 'Неделя специальности'),
(15, 'Неделя дисциплины'),
(16, 'Неделя цикла дисциплин'),
(17, 'Открытое учебное занятие'),
(18, 'Открытое мероприятие'),
(19, 'Открытое внеклассное мероприятие'),
(20, 'Мастер-класс'),
(21, 'Мероприятие по итогам практики'),
(22, 'Мероприятие для выпускников по содействию в трудоустройстве'),
(23, 'Конкурс профессионального мастерства по профессии рабочего'),
(24, 'Конкурс профессионального мастерства по специальности'),
(25, 'Конкурс профессионального мастерства по компетенции'),
(26, 'Профессиональные пробы'),
(27, 'Олимпиада'),
(28, 'Конкурс'),
(29, 'Студенческая конференция'),
(31, 'Открытая защита отчетов по практике'),
(32, 'Открытая защита курсового проекта (работы)'),
(33, 'Круглый стол'),
(34, 'Встреча с работодателем'),
(35, 'Классный час');

-- --------------------------------------------------------

--
-- Структура таблицы `spr_t_participation`
--

CREATE TABLE `spr_t_participation` (
  `id` bigint(20) UNSIGNED NOT NULL,
  `partname` varchar(150) NOT NULL
) ENGINE=InnoDB DEFAULT CHARSET=utf8;

--
-- Дамп данных таблицы `spr_t_participation`
--

INSERT INTO `spr_t_participation` (`id`, `partname`) VALUES
(1, 'очное'),
(2, 'заочное'),
(3, 'дистанционное');

-- --------------------------------------------------------

--
-- Структура таблицы `spr_t_teach_educational_activity`
--

CREATE TABLE `spr_t_teach_educational_activity` (
  `id` bigint(20) UNSIGNED NOT NULL,
  `ename` varchar(100) NOT NULL
) ENGINE=InnoDB DEFAULT CHARSET=utf8;

--
-- Дамп данных таблицы `spr_t_teach_educational_activity`
--

INSERT INTO `spr_t_teach_educational_activity` (`id`, `ename`) VALUES
(1, 'test2');

-- --------------------------------------------------------

--
-- Структура таблицы `spr_t_umd`
--

CREATE TABLE `spr_t_umd` (
  `id` bigint(20) UNSIGNED NOT NULL,
  `uname` varchar(150) NOT NULL
) ENGINE=InnoDB DEFAULT CHARSET=utf8;

--
-- Дамп данных таблицы `spr_t_umd`
--

INSERT INTO `spr_t_umd` (`id`, `uname`) VALUES
(28, 'Автоматизированный учебный курс'),
(26, 'Комплект контрольно-оценочных средств для текущего контроля и промежуточной аттестации по профессиональному модулю '),
(25, 'Комплект контрольно-оценочных средств для текущего контроля и промежуточной аттестации по учебной дисциплине '),
(27, 'Компьютерная обучающая программа'),
(30, 'Конспект лекций'),
(41, 'Методические рекомендации для мастера производственного обучения'),
(24, 'Методические рекомендации для преподавателей (по применению компьютерной программы/метода обучения)'),
(40, 'Методические рекомендации для преподавателей по изучению дисциплины/ профессионального модуля'),
(14, 'Методические указания для студентов по самостоятельной работе'),
(15, 'Методические указания для студентов по самостоятельной работе (заочная форма)'),
(23, 'Методические указания по выполнению и защите выпускной квалификационной работы'),
(12, 'Методические указания по выполнению курсового проекта '),
(17, 'Методические указания по выполнению курсовой работы'),
(13, 'Методические указания по выполнению практических и/или лабораторных работ'),
(16, 'Методические указания по выполнению практических и/или лабораторных работ (заочная форма)'),
(21, 'Методические указания по практике по профилю специальности'),
(22, 'Методические указания по практике по профилю специальности (заочная форма)'),
(18, 'Методические указания по преддипломной практике'),
(19, 'Методические указания по учебной практике'),
(20, 'Методические указания по учебной практике (заочная форма)'),
(1, 'Презентационные материалы'),
(11, 'Программа ГИА'),
(10, 'Рабочая программа'),
(29, 'Рабочая тетрадь'),
(2, 'Учебно-методический комплекс'),
(8, 'Учебно-методическое пособие'),
(9, 'Учебно-наглядное пособие'),
(38, 'Учебно-наглядный материал (комплект плакатов)'),
(39, 'Учебно-наглядный материал (фильм, слайды)'),
(35, 'Учебно-справочный материал (глоссарий – словарь терминов и персоналий)'),
(37, 'Учебно-справочный материал (учебно-терминологический словарь)'),
(36, 'Учебно-справочный материал (учебный справочник)'),
(3, 'Учебное пособие '),
(5, 'Учебное электронное пособие');

-- --------------------------------------------------------

--
-- Структура таблицы `spr_t_umd2`
--

CREATE TABLE `spr_t_umd2` (
  `id_umd2` bigint(20) UNSIGNED NOT NULL,
  `name_umd2` varchar(70) NOT NULL
) ENGINE=InnoDB DEFAULT CHARSET=utf8;

--
-- Дамп данных таблицы `spr_t_umd2`
--

INSERT INTO `spr_t_umd2` (`id_umd2`, `name_umd2`) VALUES
(1, 'Электронный образовательный ресурс'),
(2, 'Элемент УМД'),
(3, 'Печатное издание');

-- --------------------------------------------------------

--
-- Структура таблицы `spr_t_upd`
--

CREATE TABLE `spr_t_upd` (
  `id` bigint(20) UNSIGNED NOT NULL,
  `uname` varchar(150) NOT NULL
) ENGINE=InnoDB DEFAULT CHARSET=utf8;

--
-- Дамп данных таблицы `spr_t_upd`
--

INSERT INTO `spr_t_upd` (`id`, `uname`) VALUES
(2, '1'),
(3, '2'),
(4, '3'),
(5, '4'),
(6, 'Паспорт кабинета');

-- --------------------------------------------------------

--
-- Структура таблицы `spr_t_work`
--

CREATE TABLE `spr_t_work` (
  `id` bigint(20) UNSIGNED NOT NULL,
  `name` varchar(150) NOT NULL
) ENGINE=InnoDB DEFAULT CHARSET=utf8;

--
-- Дамп данных таблицы `spr_t_work`
--

INSERT INTO `spr_t_work` (`id`, `name`) VALUES
(1, 'Организация'),
(2, 'Проведение'),
(3, 'Участие'),
(4, 'Подготовка');

-- --------------------------------------------------------

--
-- Структура таблицы `spr_t_workew`
--

CREATE TABLE `spr_t_workew` (
  `id` bigint(20) UNSIGNED NOT NULL,
  `ew_name` varchar(100) NOT NULL
) ENGINE=InnoDB DEFAULT CHARSET=utf8;

--
-- Дамп данных таблицы `spr_t_workew`
--

INSERT INTO `spr_t_workew` (`id`, `ew_name`) VALUES
(1, 'test');

-- --------------------------------------------------------

--
-- Структура таблицы `spr_t_worksew`
--

CREATE TABLE `spr_t_worksew` (
  `id_sework` bigint(20) UNSIGNED NOT NULL,
  `sew_name` varchar(150) NOT NULL
) ENGINE=InnoDB DEFAULT CHARSET=utf8;

--
-- Дамп данных таблицы `spr_t_worksew`
--

INSERT INTO `spr_t_worksew` (`id_sework`, `sew_name`) VALUES
(1, 'Участие в мероприятиях системы внутриколледжного обучения'),
(2, 'Обучение на курсах повышения квалификации'),
(4, 'Высшее образование'),
(5, 'Аттестация'),
(6, 'Самообразование'),
(7, 'Стажировка'),
(8, 'Аспирантура'),
(9, 'Магистратура');

-- --------------------------------------------------------

--
-- Структура таблицы `spr_t_worksmw`
--

CREATE TABLE `spr_t_worksmw` (
  `id_smwork` bigint(20) UNSIGNED NOT NULL,
  `smw_name` varchar(200) NOT NULL
) ENGINE=InnoDB DEFAULT CHARSET=utf8;

--
-- Дамп данных таблицы `spr_t_worksmw`
--

INSERT INTO `spr_t_worksmw` (`id_smwork`, `smw_name`) VALUES
(1, 'участие'),
(2, 'публикация'),
(3, 'доклад');

-- --------------------------------------------------------

--
-- Структура таблицы `training_production_work`
--

CREATE TABLE `training_production_work` (
  `id_tpw` bigint(20) UNSIGNED NOT NULL,
  `ppccz` bigint(20) UNSIGNED NOT NULL,
  `placement` bigint(20) UNSIGNED DEFAULT NULL,
  `id_foundation` bigint(20) UNSIGNED DEFAULT NULL,
  `type_activities` bigint(20) UNSIGNED NOT NULL,
  `type_upd` bigint(20) UNSIGNED NOT NULL,
  `sdate` varchar(150) NOT NULL,
  `zdate` date NOT NULL,
  `report` varchar(150) DEFAULT NULL,
  `id_employee` bigint(20) UNSIGNED NOT NULL,
  `id_academic_year` varchar(20) DEFAULT NULL
) ENGINE=InnoDB DEFAULT CHARSET=utf8;

--
-- Дамп данных таблицы `training_production_work`
--

INSERT INTO `training_production_work` (`id_tpw`, `ppccz`, `placement`, `id_foundation`, `type_activities`, `type_upd`, `sdate`, `zdate`, `report`, `id_employee`, `id_academic_year`) VALUES
(6, 19, 1, 6, 3, 2, '1', '2017-09-01', 'lkj0-0', 497, '2015/2016'),
(11, 1, 1, 1, 2, 3, 'wqe23', '2017-09-01', 'Выполнено: hjy', 497, '2016/2017'),
(13, 19, 1, 6, 2, 6, 'erterter', '2017-09-01', '', 498, '2016/2017'),
(15, 1, 1, 4, 2, 3, 'oio', '2017-09-01', '', 497, '2015/2016'),
(16, 19, 1, 6, 2, 6, '45645', '2017-09-01', 'jk89', 498, '2016/2017'),
(17, 19, 1, 6, 2, 3, '123', '2017-09-01', NULL, 497, '2015/2016'),
(18, 19, 1, 6, 3, 4, '1234567890', '2017-12-08', NULL, 497, '2015/2016'),
(19, 20, 1, 8, 2, 4, 'llopo', '2017-12-08', 'Не выполнено: zczxc', 497, '2015/2016'),
(20, 1, 1, 1, 2, 2, 'sdfs', '2018-03-28', NULL, 497, '2016/2017'),
(21, 16, 1, 10, 2, 6, 'сентябрь 2017', '2018-05-09', 'Выполнено: Составлен акт', 507, '2017/2018'),
(22, 20, 1, NULL, 1, 4, 'ki', '2018-06-19', 'Выполнено: 2342', 497, '2016/2017'),
(23, 21, 2, NULL, 3, 2, '12', '2018-06-19', 'Не выполнено: sfsdf', 497, '2016/2017');

-- --------------------------------------------------------

--
-- Структура таблицы `training_work`
--

CREATE TABLE `training_work` (
  `id_tw` bigint(20) UNSIGNED NOT NULL,
  `ppccz` bigint(20) UNSIGNED NOT NULL,
  `cipher_group` bigint(20) UNSIGNED NOT NULL,
  `discipline` bigint(20) UNSIGNED NOT NULL,
  `plan_1` int(4) NOT NULL,
  `fact_1` int(4) DEFAULT NULL,
  `plan_2` int(4) NOT NULL,
  `fact_2` int(4) DEFAULT NULL,
  `plan_3` int(4) NOT NULL,
  `fact_3` int(4) DEFAULT NULL,
  `reason_failure` varchar(100) DEFAULT NULL,
  `zdate` date DEFAULT NULL,
  `quality_progress` varchar(100) DEFAULT NULL,
  `absolute_progress` varchar(100) DEFAULT NULL,
  `id_employee` bigint(20) UNSIGNED DEFAULT NULL,
  `id_academic_year` varchar(20) DEFAULT NULL
) ENGINE=InnoDB DEFAULT CHARSET=utf8;

--
-- Дамп данных таблицы `training_work`
--

INSERT INTO `training_work` (`id_tw`, `ppccz`, `cipher_group`, `discipline`, `plan_1`, `fact_1`, `plan_2`, `fact_2`, `plan_3`, `fact_3`, `reason_failure`, `zdate`, `quality_progress`, `absolute_progress`, `id_employee`, `id_academic_year`) VALUES
(1, 2, 10, 39, 0, 0, 0, 0, 0, 0, '', '2017-09-01', 'sdfsd', 'fdsfsdfsdf', 494, '2016/2017'),
(3, 2, 9, 30, 333, NULL, 0, NULL, 333, NULL, NULL, '2017-09-01', NULL, NULL, 494, '2015/2016'),
(4, 1, 5, 38, 44, 0, 545, 0, 589, 0, '', '2017-09-01', '', '', 494, '2016/2017'),
(5, 1, 3, 29, 33, 0, 33, 0, 66, 0, '', '2017-09-01', '', '', 494, '2016/2017'),
(6, 3, 19, 648, 0, NULL, 0, NULL, 0, NULL, NULL, '2017-09-01', NULL, NULL, 494, '2016/2017'),
(7, 4, 25, 614, 0, NULL, 0, NULL, 0, NULL, NULL, '2017-09-01', NULL, NULL, 494, '2014/2015'),
(58, 2, 5, 9, 123, NULL, 213, NULL, 336, NULL, NULL, '2017-09-01', NULL, NULL, 259, '2016/2017'),
(60, 14, 51, 445, 60, 12, 100, 12, 160, 24, '545', '2017-09-01', '', '565', 497, '2015/2016'),
(62, 16, 62, 577, 0, 15, 0, 15, 0, 30, '7tu6y6', '2017-09-01', '567576', '65765', 497, '2015/2016'),
(63, 16, 63, 577, 0, 6876, 0, 898, 0, 7774, 'ppp', '2017-09-01', 'oo', 'ghjgj', 497, '2015/2016'),
(64, 16, 63, 575, 0, 0, 0, 0, 0, 0, '865765', '2017-09-01', 'guyyu', '456', 497, '2015/2016'),
(67, 19, 105, 215, 0, 150, 0, 150, 0, 300, 'efwer', '2017-09-01', 'wetwe', 'wetwe', 497, '2015/2016'),
(68, 19, 99, 213, 0, 125, 0, 125, 0, 250, 'af', '2017-09-01', 'sdfsd', 'sdfsd', 497, '2015/2016'),
(70, 18, 83, 397, 10, 435, 10, 345, 20, 780, 'rtert', '2017-09-01', 'ertretre', 'tertret', 497, '2015/2016'),
(75, 19, 91, 214, 0, 15, 0, 15, 0, 30, 'выаыв', '2017-09-01', 'выаывавы', 'выаыв', 497, '2015/2016'),
(88, 4, 24, 614, 0, NULL, 0, NULL, 0, NULL, NULL, '2017-09-01', NULL, NULL, 498, '2015/2016'),
(94, 17, 76, 194, 0, 6747, 0, 56, 0, 6803, 'gygjh', '2017-09-01', 'hgh', 'gfg', 497, '2015/2016'),
(100, 2, 8, 8, 6767, 12, 7686, 12, 14453, 24, 'dfgdfg', '2017-09-01', 'gdfg', 'dfgdfgdg', 497, '2015/2016'),
(101, 2, 10, 9, 0, 44, 0, 44, 0, 88, 'чсмч', '2017-09-01', 'мчсмчсмчс', 'смчсмчс', 497, '2015/2016'),
(103, 11, 42, 844, 0, 0, 0, 0, 0, 0, '\\\\\\\\565', '2017-09-01', '56565', '\\\\\\\\565', 497, '2015/2016'),
(106, 3, 19, 644, 0, 346, 0, 564, 0, 910, 'poi', '2017-09-01', 'pippi', 'oipi', 497, '2015/2016'),
(107, 3, 18, 643, 0, NULL, 0, NULL, 0, NULL, NULL, '2017-09-01', NULL, NULL, 497, '2014/2015'),
(109, 20, 103, 260, 0, NULL, 0, NULL, 0, NULL, NULL, '2017-09-01', NULL, NULL, 497, '2015/2016'),
(115, 20, 103, 274, 15, NULL, 15, NULL, 30, NULL, NULL, '2017-09-01', NULL, NULL, 497, '2014/2015'),
(119, 14, 52, 445, 0, NULL, 0, NULL, 0, NULL, NULL, '2017-09-01', NULL, NULL, 498, '2015/2016'),
(120, 1, 5, 31, 0, 0, 0, 0, 0, 0, '', '2017-09-01', '', '', 497, '2015/2016'),
(121, 21, 111, 708, 0, NULL, 0, NULL, 0, NULL, NULL, '2017-09-01', NULL, NULL, 497, '2015/2016'),
(122, 21, 112, 654, 0, NULL, 0, NULL, 0, NULL, NULL, '2017-09-01', NULL, NULL, 497, '2015/2016'),
(123, 21, 108, 656, 0, NULL, 0, NULL, 0, NULL, NULL, '2017-09-01', NULL, NULL, 497, '2015/2016'),
(124, 21, 108, 660, 0, NULL, 0, NULL, 0, NULL, NULL, '2017-09-01', NULL, NULL, 497, '2015/2016'),
(125, 21, 111, 706, 0, 15, 0, 15, 0, 30, 'asd', '2017-09-01', 'asdasdasdas', 'asdsad', 497, '2015/2016'),
(126, 21, 109, 706, 451, NULL, 852, NULL, 1303, NULL, NULL, '2017-09-01', NULL, NULL, 497, '2015/2016'),
(127, 21, 107, 659, 15, 5, 15, 5, 30, 10, 'dfgfd', '2017-09-01', 'dfgdfgdfgdfgdfgfddfg', 'dfgdfg', 497, '2015/2016'),
(128, 21, 125, 657, 124, 15, 213, 15, 337, 30, 'sddgsdg', '2017-09-01', 'rtew53453', 'sfsdfsfsdfsdfsdfsdf', 497, '2015/2016'),
(131, 16, 63, 569, 0, NULL, 0, NULL, 0, NULL, NULL, '2017-09-01', NULL, NULL, 498, '2015/2016'),
(132, 4, 25, 617, 0, 1256, 0, 346, 0, 1602, 'dsfsdfsdsdfsdfsd', '2017-09-01', 'ssfdsdfsdfsdf', 'fsdfsdfdsfsdfssdf', 498, '2016/2017'),
(134, 2, 11, 23, 0, NULL, 0, NULL, 0, NULL, NULL, '2017-09-01', NULL, NULL, 497, '2014/2015'),
(135, 2, 17, 131, 0, NULL, 0, NULL, 0, NULL, NULL, '2017-09-01', NULL, NULL, 497, '2014/2015'),
(149, 2, 13, 53, 0, NULL, 0, NULL, 0, NULL, NULL, '2017-09-01', NULL, NULL, 498, '2016/2017'),
(174, 22, 116, 769, 0, NULL, 0, NULL, 0, NULL, NULL, '2017-09-01', NULL, NULL, 497, '2015/2016'),
(175, 2, 10, 133, 0, NULL, 0, NULL, 0, NULL, NULL, '2017-09-01', NULL, NULL, 497, '2015/2016'),
(176, 23, 122, 810, 0, NULL, 0, NULL, 0, NULL, NULL, '2017-09-01', NULL, NULL, 497, '2015/2016'),
(177, 23, 121, 822, 0, NULL, 0, NULL, 0, NULL, NULL, '2017-09-01', NULL, NULL, 497, '2015/2016'),
(178, 23, 118, 843, 0, NULL, 0, NULL, 0, NULL, NULL, '2017-09-01', NULL, NULL, 497, '2015/2016'),
(179, 23, 118, 822, 0, NULL, 0, NULL, 0, NULL, NULL, '2017-09-01', NULL, NULL, 497, '2015/2016'),
(180, 18, 84, 402, 0, NULL, 0, NULL, 0, NULL, NULL, '2017-09-01', NULL, NULL, 497, '2015/2016'),
(181, 20, 90, 249, 0, NULL, 0, NULL, 0, NULL, NULL, '2017-09-01', NULL, NULL, 497, '2015/2016'),
(182, 17, 77, 191, 0, NULL, 0, NULL, 0, NULL, NULL, '2017-09-01', NULL, NULL, 497, '2015/2016'),
(183, 6, 70, 124, 0, NULL, 0, NULL, 0, NULL, NULL, '2017-09-01', NULL, NULL, 497, '2015/2016'),
(184, 3, 19, 725, 0, NULL, 0, NULL, 0, NULL, NULL, '2017-09-01', NULL, NULL, 497, '2015/2016'),
(185, 14, 51, 450, 0, NULL, 0, NULL, 0, NULL, NULL, '2017-09-01', NULL, NULL, 497, '2015/2016'),
(186, 21, 109, 683, 0, NULL, 0, NULL, 0, NULL, NULL, '2017-09-01', NULL, NULL, 497, '2015/2016'),
(187, 21, 110, 716, 0, NULL, 0, NULL, 0, NULL, NULL, '2017-09-01', NULL, NULL, 497, '2015/2016'),
(188, 21, 108, 705, 0, NULL, 0, NULL, 0, NULL, NULL, '2017-09-01', NULL, NULL, 497, '2015/2016'),
(189, 21, 109, 711, 0, NULL, 0, NULL, 0, NULL, NULL, '2017-09-01', NULL, NULL, 497, '2015/2016'),
(190, 21, 110, 746, 0, NULL, 0, NULL, 0, NULL, NULL, '2017-09-01', NULL, NULL, 497, '2015/2016'),
(192, 1, 4, 27, 0, NULL, 0, NULL, 0, NULL, NULL, '2017-09-01', NULL, NULL, 497, '2015/2016'),
(193, 16, 62, 630, 0, NULL, 0, NULL, 0, NULL, NULL, '2017-09-01', NULL, NULL, 497, '2015/2016'),
(194, 16, 62, 633, 0, NULL, 0, NULL, 0, NULL, NULL, '2017-09-01', NULL, NULL, 497, '2015/2016'),
(195, 18, 83, 391, 0, NULL, 0, NULL, 0, NULL, NULL, '2017-09-01', NULL, NULL, 497, '2015/2016'),
(196, 3, 21, 675, 0, NULL, 0, NULL, 0, NULL, NULL, '2017-09-01', NULL, NULL, 498, '2016/2017'),
(197, 17, 78, 160, 89, NULL, 76, NULL, 165, NULL, NULL, '2017-09-01', NULL, NULL, 498, '2016/2017'),
(198, 16, 61, 627, 0, 14, 0, 14, 0, 28, 'fs', '2017-09-01', 'sdfs', 'fsdfsdf', 497, '2016/2017'),
(199, 16, 64, 583, 213, 3, 32, 100, 245, 103, 'sdf', '2017-09-01', 'sdfsd', 'sdfsdf', 497, '2016/2017'),
(200, 20, 102, 250, 0, NULL, 0, NULL, 0, NULL, NULL, '2017-09-01', NULL, NULL, 497, '2015/2016'),
(201, 4, 26, 732, 0, NULL, 0, NULL, 0, NULL, NULL, '2017-09-01', NULL, NULL, 497, '2015/2016'),
(203, 1, 4, 29, 124, NULL, 2424, NULL, 2548, NULL, NULL, '2017-09-01', NULL, NULL, 497, '2016/2017'),
(204, 2, 10, 133, 0, NULL, 0, NULL, 0, NULL, NULL, '2017-12-08', NULL, NULL, 497, '2016/2017'),
(205, 21, 107, 659, 0, 0, 0, 0, 0, 0, '', '2017-12-08', '', '', 497, '2016/2017'),
(206, 2, 8, 32, 0, NULL, 0, NULL, 0, NULL, NULL, '2017-12-08', NULL, NULL, 497, '2016/2017'),
(207, 16, 63, 577, 89, NULL, 67, NULL, 156, NULL, NULL, '2017-12-08', NULL, NULL, 497, '2016/2017'),
(208, 19, 100, 209, 0, NULL, 0, NULL, 0, NULL, NULL, '2017-12-08', NULL, NULL, 497, '2015/2016'),
(209, 6, 70, 97, 0, NULL, 0, NULL, 0, NULL, NULL, '2017-12-11', NULL, NULL, 497, '2015/2016'),
(210, 1, 5, 22, 123, NULL, 123, NULL, 246, NULL, NULL, '2018-01-07', NULL, NULL, 497, '2016/2017'),
(212, 21, 110, 705, 0, NULL, 0, NULL, 0, NULL, NULL, '2018-01-09', NULL, NULL, 497, '2016/2017'),
(213, 20, 102, 250, 0, NULL, 0, NULL, 0, NULL, NULL, '2018-01-24', NULL, NULL, 498, '2016/2017'),
(214, 20, 103, 255, 0, NULL, 0, NULL, 0, NULL, NULL, '2018-01-24', NULL, NULL, 498, '2016/2017'),
(215, 20, 102, 248, 0, NULL, 0, NULL, 0, NULL, NULL, '2018-01-24', NULL, NULL, 498, '2016/2017'),
(216, 20, 103, 253, 0, NULL, 0, NULL, 0, NULL, NULL, '2018-01-24', NULL, NULL, 498, '2016/2017'),
(217, 20, 104, 277, 0, NULL, 0, NULL, 0, NULL, NULL, '2018-01-24', NULL, NULL, 498, '2016/2017'),
(218, 20, 103, 248, 0, NULL, 0, NULL, 0, NULL, NULL, '2018-01-24', NULL, NULL, 498, '2016/2017'),
(219, 20, 103, 252, 0, NULL, 0, NULL, 0, NULL, NULL, '2018-01-24', NULL, NULL, 498, '2016/2017'),
(220, 20, 103, 274, 0, NULL, 0, NULL, 0, NULL, NULL, '2018-01-28', NULL, NULL, 497, '2015/2016'),
(221, 20, 103, 251, 0, NULL, 0, NULL, 0, NULL, NULL, '2018-02-04', NULL, NULL, 497, '2016/2017'),
(223, 21, 109, 705, 0, NULL, 0, NULL, 0, NULL, NULL, '2018-02-11', NULL, NULL, 497, '2016/2017'),
(224, 21, 110, 660, 0, NULL, 0, NULL, 0, NULL, NULL, '2018-02-11', NULL, NULL, 497, '2016/2017'),
(226, 2, 9, 134, 0, NULL, 0, NULL, 0, NULL, NULL, '2018-02-28', NULL, NULL, 494, '2014/2015'),
(227, 1, 4, 29, 0, NULL, 0, NULL, 0, NULL, NULL, '2018-03-19', NULL, NULL, 497, '2016/2017'),
(228, 1, 6, 27, 0, NULL, 0, NULL, 0, NULL, NULL, '2018-03-28', NULL, NULL, 497, '2016/2017'),
(229, 20, 104, 249, 0, 75, 0, 75, 0, 150, '', '2018-04-19', '100', '75', 497, '2017/2018'),
(230, 20, 103, 251, 0, NULL, 0, NULL, 0, NULL, NULL, '2018-04-24', NULL, NULL, 497, '2016/2017'),
(231, 4, 25, 622, 70, 60, 100, 95, 170, 155, 'праздники', '2018-04-30', '50', '50', 507, '2017/2018'),
(232, 1, 5, 13, 75, NULL, 100, NULL, 175, NULL, NULL, '2018-06-15', NULL, NULL, 508, '2017/2018'),
(233, 1, 5, 7, 75, NULL, 100, NULL, 175, NULL, NULL, '2018-06-15', NULL, NULL, 509, '2017/2018'),
(234, 1, 6, 10, 75, NULL, 100, NULL, 175, NULL, NULL, '2018-06-15', NULL, NULL, 510, '2017/2018'),
(235, 1, 5, 10, 75, NULL, 100, NULL, 175, NULL, NULL, '2018-06-16', NULL, NULL, 511, '2017/2018');

-- --------------------------------------------------------

--
-- Структура таблицы `users`
--

CREATE TABLE `users` (
  `id` bigint(20) UNSIGNED NOT NULL,
  `surname` varchar(30) NOT NULL,
  `name` varchar(20) NOT NULL,
  `patronymic` varchar(30) NOT NULL,
  `login` varchar(80) NOT NULL,
  `password` varchar(80) NOT NULL,
  `rules` bigint(20) UNSIGNED NOT NULL
) ENGINE=InnoDB DEFAULT CHARSET=utf8;

--
-- Дамп данных таблицы `users`
--

INSERT INTO `users` (`id`, `surname`, `name`, `patronymic`, `login`, `password`, `rules`) VALUES
(1, 'Шеметова', 'М', 'С', 'admin2', '$2y$08$AF9HfQZv75fQpFlxqk2DnOAQX2mqEknmdzK7BOlCPps40YFXf1NKm', 0),
(2, 'Федосеева', 'Ю', 'В', 'ftest1', '$2y$08$Cl/tybEmaI2JZOkn00Huuel39/bjbJ9nie8OAVWM4Rc/SvNrXW6cG', 1),
(3, 'Загора', 'О', 'Н', 'ftest2', '$2y$08$AqYyYrZURZyDozvaaFJXX.EfhdVTgmjJojz869gT63VD811rCDJaW', 2),
(4, 'Трегубова', 'E', 'Д', 'ftest3', '$2y$08$V6t2K3aAhERDTXfRKFTmW.ONugzILd3VjY3A3nbd1CaUz2gH8pgBm', 3),
(5, 'Махновский', 'С', 'А', 'ftest4', '$2y$08$.rugWAfISK06M8VGopb1NejG.oLhzfqBt6EPVqa0zQfPN4gdfpGWq', 4);

--
-- Индексы сохранённых таблиц
--

--
-- Индексы таблицы `academic_year`
--
ALTER TABLE `academic_year`
  ADD PRIMARY KEY (`id`);

--
-- Индексы таблицы `disciplines`
--
ALTER TABLE `disciplines`
  ADD PRIMARY KEY (`id`),
  ADD KEY `index` (`dindex`),
  ADD KEY `ppccz` (`ppccz`);

--
-- Индексы таблицы `educational_methodical_work`
--
ALTER TABLE `educational_methodical_work`
  ADD PRIMARY KEY (`id_emw`),
  ADD KEY `discipline` (`discipline`),
  ADD KEY `type_activities` (`type_activities`),
  ADD KEY `type_umd` (`type_umd`),
  ADD KEY `id_employee` (`id_employee`),
  ADD KEY `id_academic_year` (`id_academic_year`),
  ADD KEY `cipher` (`ppccz`),
  ADD KEY `type_umd2` (`type_umd2`);

--
-- Индексы таблицы `educational_work`
--
ALTER TABLE `educational_work`
  ADD PRIMARY KEY (`id_ew`),
  ADD KEY `ppccz` (`ppccz`),
  ADD KEY `cipher_group` (`cipher_group`),
  ADD KEY `type_activitity` (`type_activity`),
  ADD KEY `type_work` (`type_work`),
  ADD KEY `id_employee` (`id_employee`),
  ADD KEY `id_academic_year` (`id_academic_year`);

--
-- Индексы таблицы `employee`
--
ALTER TABLE `employee`
  ADD PRIMARY KEY (`id`),
  ADD KEY `id_pk/pkc` (`id_pk_pkc`),
  ADD KEY `id_type_employee` (`id_type_employee`),
  ADD KEY `id_department` (`id_department`),
  ADD KEY `id_posts` (`id_posts`),
  ADD KEY `category` (`category`);

--
-- Индексы таблицы `foundation_offices`
--
ALTER TABLE `foundation_offices`
  ADD PRIMARY KEY (`id`),
  ADD KEY `id_t_cabinet` (`id_t_cabinet`),
  ADD KEY `id_ppccz` (`ppccz`);

--
-- Индексы таблицы `organizational_methodical_materials`
--
ALTER TABLE `organizational_methodical_materials`
  ADD PRIMARY KEY (`id`);

--
-- Индексы таблицы `organizational_methodological_work`
--
ALTER TABLE `organizational_methodological_work`
  ADD PRIMARY KEY (`id_omw`),
  ADD KEY `type_work` (`type_work`),
  ADD KEY `id_employee` (`id_employee`),
  ADD KEY `id_academic_year` (`id_academic_year`),
  ADD KEY `type_event` (`type_event`),
  ADD KEY `lev_event` (`lev_event`);

--
-- Индексы таблицы `ppccz`
--
ALTER TABLE `ppccz`
  ADD PRIMARY KEY (`id_ppccz`),
  ADD UNIQUE KEY `id_ppccz` (`id_ppccz`),
  ADD KEY `id_department` (`id_department`);

--
-- Индексы таблицы `scientific_methodical_work`
--
ALTER TABLE `scientific_methodical_work`
  ADD PRIMARY KEY (`id_smw`),
  ADD KEY `type_work` (`type_work`),
  ADD KEY `id_employee` (`id_employee`),
  ADD KEY `id_academic_year` (`id_academic_year`),
  ADD KEY `type_event` (`type_event`),
  ADD KEY `type_of_participation` (`type_of_participation`),
  ADD KEY `level_event` (`level_event`);

--
-- Индексы таблицы `skills_enchancement`
--
ALTER TABLE `skills_enchancement`
  ADD PRIMARY KEY (`id_se`),
  ADD KEY `type_work` (`type_work`),
  ADD KEY `id_employee` (`id_employee`),
  ADD KEY `id_academic_year` (`id_academic_year`);

--
-- Индексы таблицы `spr_category`
--
ALTER TABLE `spr_category`
  ADD PRIMARY KEY (`id`),
  ADD UNIQUE KEY `id` (`id`);

--
-- Индексы таблицы `spr_cipher_group`
--
ALTER TABLE `spr_cipher_group`
  ADD PRIMARY KEY (`id`),
  ADD UNIQUE KEY `id` (`id`),
  ADD KEY `ppccz` (`ppccz`);

--
-- Индексы таблицы `spr_department`
--
ALTER TABLE `spr_department`
  ADD PRIMARY KEY (`id`);

--
-- Индексы таблицы `spr_event_nmp`
--
ALTER TABLE `spr_event_nmp`
  ADD PRIMARY KEY (`id_event_nmp`),
  ADD UNIQUE KEY `id_event_nmp` (`id_event_nmp`);

--
-- Индексы таблицы `spr_index_disciplines`
--
ALTER TABLE `spr_index_disciplines`
  ADD PRIMARY KEY (`id_ind`),
  ADD UNIQUE KEY `id_ind` (`id_ind`);

--
-- Индексы таблицы `spr_level_events`
--
ALTER TABLE `spr_level_events`
  ADD PRIMARY KEY (`id_level`),
  ADD UNIQUE KEY `id_level` (`id_level`);

--
-- Индексы таблицы `spr_pk_pks`
--
ALTER TABLE `spr_pk_pks`
  ADD PRIMARY KEY (`id`);

--
-- Индексы таблицы `spr_placement`
--
ALTER TABLE `spr_placement`
  ADD PRIMARY KEY (`id`);

--
-- Индексы таблицы `spr_posts`
--
ALTER TABLE `spr_posts`
  ADD PRIMARY KEY (`id`);

--
-- Индексы таблицы `spr_t_activities`
--
ALTER TABLE `spr_t_activities`
  ADD PRIMARY KEY (`id`),
  ADD KEY `name` (`name`);

--
-- Индексы таблицы `spr_t_cabinet`
--
ALTER TABLE `spr_t_cabinet`
  ADD PRIMARY KEY (`id`);

--
-- Индексы таблицы `spr_t_employee`
--
ALTER TABLE `spr_t_employee`
  ADD PRIMARY KEY (`id`);

--
-- Индексы таблицы `spr_t_event`
--
ALTER TABLE `spr_t_event`
  ADD PRIMARY KEY (`id`),
  ADD UNIQUE KEY `id` (`id`);

--
-- Индексы таблицы `spr_t_participation`
--
ALTER TABLE `spr_t_participation`
  ADD PRIMARY KEY (`id`),
  ADD UNIQUE KEY `id` (`id`);

--
-- Индексы таблицы `spr_t_teach_educational_activity`
--
ALTER TABLE `spr_t_teach_educational_activity`
  ADD PRIMARY KEY (`id`);

--
-- Индексы таблицы `spr_t_umd`
--
ALTER TABLE `spr_t_umd`
  ADD PRIMARY KEY (`id`),
  ADD KEY `name` (`uname`);

--
-- Индексы таблицы `spr_t_umd2`
--
ALTER TABLE `spr_t_umd2`
  ADD PRIMARY KEY (`id_umd2`),
  ADD UNIQUE KEY `id_umd2` (`id_umd2`);

--
-- Индексы таблицы `spr_t_upd`
--
ALTER TABLE `spr_t_upd`
  ADD PRIMARY KEY (`id`);

--
-- Индексы таблицы `spr_t_work`
--
ALTER TABLE `spr_t_work`
  ADD PRIMARY KEY (`id`);

--
-- Индексы таблицы `spr_t_workew`
--
ALTER TABLE `spr_t_workew`
  ADD PRIMARY KEY (`id`);

--
-- Индексы таблицы `spr_t_worksew`
--
ALTER TABLE `spr_t_worksew`
  ADD PRIMARY KEY (`id_sework`),
  ADD UNIQUE KEY `id_sework` (`id_sework`);

--
-- Индексы таблицы `spr_t_worksmw`
--
ALTER TABLE `spr_t_worksmw`
  ADD PRIMARY KEY (`id_smwork`),
  ADD UNIQUE KEY `id_smwork` (`id_smwork`);

--
-- Индексы таблицы `training_production_work`
--
ALTER TABLE `training_production_work`
  ADD PRIMARY KEY (`id_tpw`),
  ADD KEY `ppccz` (`ppccz`),
  ADD KEY `id_foundation` (`id_foundation`),
  ADD KEY `type_activities` (`type_activities`),
  ADD KEY `type_upd` (`type_upd`),
  ADD KEY `id_employee` (`id_employee`),
  ADD KEY `id_academic_year` (`id_academic_year`),
  ADD KEY `placement` (`placement`);

--
-- Индексы таблицы `training_work`
--
ALTER TABLE `training_work`
  ADD PRIMARY KEY (`id_tw`),
  ADD KEY `discipline` (`discipline`),
  ADD KEY `id_employee` (`id_employee`),
  ADD KEY `id_academic_year` (`id_academic_year`),
  ADD KEY `cipher_group` (`cipher_group`),
  ADD KEY `ppccz` (`ppccz`);

--
-- Индексы таблицы `users`
--
ALTER TABLE `users`
  ADD PRIMARY KEY (`id`);

--
-- AUTO_INCREMENT для сохранённых таблиц
--

--
-- AUTO_INCREMENT для таблицы `disciplines`
--
ALTER TABLE `disciplines`
  MODIFY `id` bigint(20) UNSIGNED NOT NULL AUTO_INCREMENT, AUTO_INCREMENT=907;
--
-- AUTO_INCREMENT для таблицы `educational_methodical_work`
--
ALTER TABLE `educational_methodical_work`
  MODIFY `id_emw` bigint(20) UNSIGNED NOT NULL AUTO_INCREMENT, AUTO_INCREMENT=56;
--
-- AUTO_INCREMENT для таблицы `educational_work`
--
ALTER TABLE `educational_work`
  MODIFY `id_ew` bigint(20) UNSIGNED NOT NULL AUTO_INCREMENT, AUTO_INCREMENT=4;
--
-- AUTO_INCREMENT для таблицы `employee`
--
ALTER TABLE `employee`
  MODIFY `id` bigint(20) UNSIGNED NOT NULL AUTO_INCREMENT, AUTO_INCREMENT=512;
--
-- AUTO_INCREMENT для таблицы `foundation_offices`
--
ALTER TABLE `foundation_offices`
  MODIFY `id` bigint(20) UNSIGNED NOT NULL AUTO_INCREMENT, AUTO_INCREMENT=11;
--
-- AUTO_INCREMENT для таблицы `organizational_methodical_materials`
--
ALTER TABLE `organizational_methodical_materials`
  MODIFY `id` bigint(20) UNSIGNED NOT NULL AUTO_INCREMENT;
--
-- AUTO_INCREMENT для таблицы `organizational_methodological_work`
--
ALTER TABLE `organizational_methodological_work`
  MODIFY `id_omw` bigint(20) UNSIGNED NOT NULL AUTO_INCREMENT, AUTO_INCREMENT=28;
--
-- AUTO_INCREMENT для таблицы `ppccz`
--
ALTER TABLE `ppccz`
  MODIFY `id_ppccz` bigint(20) UNSIGNED NOT NULL AUTO_INCREMENT, AUTO_INCREMENT=35;
--
-- AUTO_INCREMENT для таблицы `scientific_methodical_work`
--
ALTER TABLE `scientific_methodical_work`
  MODIFY `id_smw` bigint(20) UNSIGNED NOT NULL AUTO_INCREMENT, AUTO_INCREMENT=46;
--
-- AUTO_INCREMENT для таблицы `skills_enchancement`
--
ALTER TABLE `skills_enchancement`
  MODIFY `id_se` bigint(20) UNSIGNED NOT NULL AUTO_INCREMENT, AUTO_INCREMENT=29;
--
-- AUTO_INCREMENT для таблицы `spr_category`
--
ALTER TABLE `spr_category`
  MODIFY `id` bigint(20) UNSIGNED NOT NULL AUTO_INCREMENT, AUTO_INCREMENT=4;
--
-- AUTO_INCREMENT для таблицы `spr_cipher_group`
--
ALTER TABLE `spr_cipher_group`
  MODIFY `id` bigint(20) UNSIGNED NOT NULL AUTO_INCREMENT, AUTO_INCREMENT=128;
--
-- AUTO_INCREMENT для таблицы `spr_department`
--
ALTER TABLE `spr_department`
  MODIFY `id` bigint(20) UNSIGNED NOT NULL AUTO_INCREMENT, AUTO_INCREMENT=7;
--
-- AUTO_INCREMENT для таблицы `spr_event_nmp`
--
ALTER TABLE `spr_event_nmp`
  MODIFY `id_event_nmp` bigint(20) UNSIGNED NOT NULL AUTO_INCREMENT, AUTO_INCREMENT=11;
--
-- AUTO_INCREMENT для таблицы `spr_index_disciplines`
--
ALTER TABLE `spr_index_disciplines`
  MODIFY `id_ind` bigint(20) UNSIGNED NOT NULL AUTO_INCREMENT, AUTO_INCREMENT=114;
--
-- AUTO_INCREMENT для таблицы `spr_level_events`
--
ALTER TABLE `spr_level_events`
  MODIFY `id_level` bigint(20) UNSIGNED NOT NULL AUTO_INCREMENT, AUTO_INCREMENT=7;
--
-- AUTO_INCREMENT для таблицы `spr_pk_pks`
--
ALTER TABLE `spr_pk_pks`
  MODIFY `id` bigint(20) UNSIGNED NOT NULL AUTO_INCREMENT, AUTO_INCREMENT=23;
--
-- AUTO_INCREMENT для таблицы `spr_placement`
--
ALTER TABLE `spr_placement`
  MODIFY `id` bigint(20) UNSIGNED NOT NULL AUTO_INCREMENT, AUTO_INCREMENT=3;
--
-- AUTO_INCREMENT для таблицы `spr_posts`
--
ALTER TABLE `spr_posts`
  MODIFY `id` bigint(20) UNSIGNED NOT NULL AUTO_INCREMENT, AUTO_INCREMENT=5;
--
-- AUTO_INCREMENT для таблицы `spr_t_activities`
--
ALTER TABLE `spr_t_activities`
  MODIFY `id` bigint(20) UNSIGNED NOT NULL AUTO_INCREMENT, AUTO_INCREMENT=4;
--
-- AUTO_INCREMENT для таблицы `spr_t_cabinet`
--
ALTER TABLE `spr_t_cabinet`
  MODIFY `id` bigint(20) UNSIGNED NOT NULL AUTO_INCREMENT, AUTO_INCREMENT=8;
--
-- AUTO_INCREMENT для таблицы `spr_t_employee`
--
ALTER TABLE `spr_t_employee`
  MODIFY `id` bigint(20) UNSIGNED NOT NULL AUTO_INCREMENT, AUTO_INCREMENT=4;
--
-- AUTO_INCREMENT для таблицы `spr_t_event`
--
ALTER TABLE `spr_t_event`
  MODIFY `id` bigint(20) UNSIGNED NOT NULL AUTO_INCREMENT, AUTO_INCREMENT=36;
--
-- AUTO_INCREMENT для таблицы `spr_t_participation`
--
ALTER TABLE `spr_t_participation`
  MODIFY `id` bigint(20) UNSIGNED NOT NULL AUTO_INCREMENT, AUTO_INCREMENT=4;
--
-- AUTO_INCREMENT для таблицы `spr_t_teach_educational_activity`
--
ALTER TABLE `spr_t_teach_educational_activity`
  MODIFY `id` bigint(20) UNSIGNED NOT NULL AUTO_INCREMENT, AUTO_INCREMENT=2;
--
-- AUTO_INCREMENT для таблицы `spr_t_umd`
--
ALTER TABLE `spr_t_umd`
  MODIFY `id` bigint(20) UNSIGNED NOT NULL AUTO_INCREMENT, AUTO_INCREMENT=42;
--
-- AUTO_INCREMENT для таблицы `spr_t_umd2`
--
ALTER TABLE `spr_t_umd2`
  MODIFY `id_umd2` bigint(20) UNSIGNED NOT NULL AUTO_INCREMENT, AUTO_INCREMENT=4;
--
-- AUTO_INCREMENT для таблицы `spr_t_upd`
--
ALTER TABLE `spr_t_upd`
  MODIFY `id` bigint(20) UNSIGNED NOT NULL AUTO_INCREMENT, AUTO_INCREMENT=7;
--
-- AUTO_INCREMENT для таблицы `spr_t_work`
--
ALTER TABLE `spr_t_work`
  MODIFY `id` bigint(20) UNSIGNED NOT NULL AUTO_INCREMENT, AUTO_INCREMENT=5;
--
-- AUTO_INCREMENT для таблицы `spr_t_workew`
--
ALTER TABLE `spr_t_workew`
  MODIFY `id` bigint(20) UNSIGNED NOT NULL AUTO_INCREMENT, AUTO_INCREMENT=2;
--
-- AUTO_INCREMENT для таблицы `spr_t_worksew`
--
ALTER TABLE `spr_t_worksew`
  MODIFY `id_sework` bigint(20) UNSIGNED NOT NULL AUTO_INCREMENT, AUTO_INCREMENT=10;
--
-- AUTO_INCREMENT для таблицы `spr_t_worksmw`
--
ALTER TABLE `spr_t_worksmw`
  MODIFY `id_smwork` bigint(20) UNSIGNED NOT NULL AUTO_INCREMENT, AUTO_INCREMENT=4;
--
-- AUTO_INCREMENT для таблицы `training_production_work`
--
ALTER TABLE `training_production_work`
  MODIFY `id_tpw` bigint(20) UNSIGNED NOT NULL AUTO_INCREMENT, AUTO_INCREMENT=24;
--
-- AUTO_INCREMENT для таблицы `training_work`
--
ALTER TABLE `training_work`
  MODIFY `id_tw` bigint(20) UNSIGNED NOT NULL AUTO_INCREMENT, AUTO_INCREMENT=236;
--
-- AUTO_INCREMENT для таблицы `users`
--
ALTER TABLE `users`
  MODIFY `id` bigint(20) UNSIGNED NOT NULL AUTO_INCREMENT, AUTO_INCREMENT=6;
--
-- Ограничения внешнего ключа сохраненных таблиц
--

--
-- Ограничения внешнего ключа таблицы `disciplines`
--
ALTER TABLE `disciplines`
  ADD CONSTRAINT `disciplines_ibfk_2` FOREIGN KEY (`ppccz`) REFERENCES `ppccz` (`id_ppccz`) ON UPDATE CASCADE,
  ADD CONSTRAINT `disciplines_ibfk_3` FOREIGN KEY (`dindex`) REFERENCES `spr_index_disciplines` (`id_ind`) ON UPDATE CASCADE;

--
-- Ограничения внешнего ключа таблицы `educational_methodical_work`
--
ALTER TABLE `educational_methodical_work`
  ADD CONSTRAINT `educational_methodical_work_ibfk_1` FOREIGN KEY (`discipline`) REFERENCES `disciplines` (`id`) ON UPDATE CASCADE,
  ADD CONSTRAINT `educational_methodical_work_ibfk_3` FOREIGN KEY (`type_umd`) REFERENCES `spr_t_umd` (`id`) ON UPDATE CASCADE,
  ADD CONSTRAINT `educational_methodical_work_ibfk_4` FOREIGN KEY (`type_activities`) REFERENCES `spr_t_activities` (`id`) ON UPDATE CASCADE,
  ADD CONSTRAINT `educational_methodical_work_ibfk_5` FOREIGN KEY (`id_employee`) REFERENCES `employee` (`id`) ON UPDATE CASCADE,
  ADD CONSTRAINT `educational_methodical_work_ibfk_6` FOREIGN KEY (`id_academic_year`) REFERENCES `academic_year` (`id`) ON UPDATE CASCADE,
  ADD CONSTRAINT `educational_methodical_work_ibfk_7` FOREIGN KEY (`ppccz`) REFERENCES `ppccz` (`id_ppccz`) ON UPDATE CASCADE,
  ADD CONSTRAINT `educational_methodical_work_ibfk_8` FOREIGN KEY (`type_umd2`) REFERENCES `spr_t_umd2` (`id_umd2`) ON UPDATE CASCADE;

--
-- Ограничения внешнего ключа таблицы `educational_work`
--
ALTER TABLE `educational_work`
  ADD CONSTRAINT `educational_work_ibfk_1` FOREIGN KEY (`ppccz`) REFERENCES `ppccz` (`id_ppccz`) ON UPDATE CASCADE,
  ADD CONSTRAINT `educational_work_ibfk_2` FOREIGN KEY (`cipher_group`) REFERENCES `spr_cipher_group` (`id`) ON UPDATE CASCADE,
  ADD CONSTRAINT `educational_work_ibfk_3` FOREIGN KEY (`type_activity`) REFERENCES `spr_t_teach_educational_activity` (`id`) ON UPDATE CASCADE,
  ADD CONSTRAINT `educational_work_ibfk_4` FOREIGN KEY (`type_work`) REFERENCES `spr_t_workew` (`id`) ON UPDATE CASCADE,
  ADD CONSTRAINT `educational_work_ibfk_5` FOREIGN KEY (`id_employee`) REFERENCES `employee` (`id`) ON UPDATE CASCADE,
  ADD CONSTRAINT `educational_work_ibfk_6` FOREIGN KEY (`id_academic_year`) REFERENCES `academic_year` (`id`);

--
-- Ограничения внешнего ключа таблицы `employee`
--
ALTER TABLE `employee`
  ADD CONSTRAINT `employee_ibfk_1` FOREIGN KEY (`id_posts`) REFERENCES `spr_posts` (`id`) ON UPDATE CASCADE,
  ADD CONSTRAINT `employee_ibfk_2` FOREIGN KEY (`id_pk_pkc`) REFERENCES `spr_pk_pks` (`id`) ON UPDATE CASCADE,
  ADD CONSTRAINT `employee_ibfk_3` FOREIGN KEY (`id_department`) REFERENCES `spr_department` (`id`) ON UPDATE CASCADE,
  ADD CONSTRAINT `employee_ibfk_4` FOREIGN KEY (`id_type_employee`) REFERENCES `spr_t_employee` (`id`) ON UPDATE CASCADE,
  ADD CONSTRAINT `employee_ibfk_5` FOREIGN KEY (`category`) REFERENCES `spr_category` (`id`) ON UPDATE CASCADE;

--
-- Ограничения внешнего ключа таблицы `foundation_offices`
--
ALTER TABLE `foundation_offices`
  ADD CONSTRAINT `foundation_offices_ibfk_1` FOREIGN KEY (`id_t_cabinet`) REFERENCES `spr_t_cabinet` (`id`) ON UPDATE CASCADE,
  ADD CONSTRAINT `foundation_offices_ibfk_2` FOREIGN KEY (`ppccz`) REFERENCES `ppccz` (`id_ppccz`) ON UPDATE CASCADE;

--
-- Ограничения внешнего ключа таблицы `organizational_methodological_work`
--
ALTER TABLE `organizational_methodological_work`
  ADD CONSTRAINT `organizational_methodological_work_ibfk_1` FOREIGN KEY (`type_work`) REFERENCES `spr_t_work` (`id`) ON UPDATE CASCADE,
  ADD CONSTRAINT `organizational_methodological_work_ibfk_2` FOREIGN KEY (`id_employee`) REFERENCES `employee` (`id`) ON UPDATE CASCADE,
  ADD CONSTRAINT `organizational_methodological_work_ibfk_3` FOREIGN KEY (`id_academic_year`) REFERENCES `academic_year` (`id`) ON UPDATE CASCADE,
  ADD CONSTRAINT `organizational_methodological_work_ibfk_4` FOREIGN KEY (`type_event`) REFERENCES `spr_t_event` (`id`) ON UPDATE CASCADE,
  ADD CONSTRAINT `organizational_methodological_work_ibfk_5` FOREIGN KEY (`lev_event`) REFERENCES `spr_level_events` (`id_level`) ON UPDATE CASCADE;

--
-- Ограничения внешнего ключа таблицы `ppccz`
--
ALTER TABLE `ppccz`
  ADD CONSTRAINT `ppccz_ibfk_1` FOREIGN KEY (`id_department`) REFERENCES `spr_department` (`id`) ON UPDATE CASCADE;

--
-- Ограничения внешнего ключа таблицы `scientific_methodical_work`
--
ALTER TABLE `scientific_methodical_work`
  ADD CONSTRAINT `scientific_methodical_work_ibfk_2` FOREIGN KEY (`id_employee`) REFERENCES `employee` (`id`) ON UPDATE CASCADE,
  ADD CONSTRAINT `scientific_methodical_work_ibfk_3` FOREIGN KEY (`id_academic_year`) REFERENCES `academic_year` (`id`) ON UPDATE CASCADE,
  ADD CONSTRAINT `scientific_methodical_work_ibfk_4` FOREIGN KEY (`type_event`) REFERENCES `spr_event_nmp` (`id_event_nmp`) ON UPDATE CASCADE,
  ADD CONSTRAINT `scientific_methodical_work_ibfk_5` FOREIGN KEY (`type_of_participation`) REFERENCES `spr_t_participation` (`id`) ON UPDATE CASCADE,
  ADD CONSTRAINT `scientific_methodical_work_ibfk_6` FOREIGN KEY (`type_work`) REFERENCES `spr_t_worksmw` (`id_smwork`) ON UPDATE CASCADE,
  ADD CONSTRAINT `scientific_methodical_work_ibfk_7` FOREIGN KEY (`level_event`) REFERENCES `spr_level_events` (`id_level`) ON UPDATE CASCADE;

--
-- Ограничения внешнего ключа таблицы `skills_enchancement`
--
ALTER TABLE `skills_enchancement`
  ADD CONSTRAINT `skills_enchancement_ibfk_2` FOREIGN KEY (`id_employee`) REFERENCES `employee` (`id`) ON UPDATE CASCADE,
  ADD CONSTRAINT `skills_enchancement_ibfk_3` FOREIGN KEY (`id_academic_year`) REFERENCES `academic_year` (`id`) ON UPDATE CASCADE,
  ADD CONSTRAINT `skills_enchancement_ibfk_4` FOREIGN KEY (`type_work`) REFERENCES `spr_t_worksew` (`id_sework`) ON UPDATE CASCADE;

--
-- Ограничения внешнего ключа таблицы `spr_cipher_group`
--
ALTER TABLE `spr_cipher_group`
  ADD CONSTRAINT `spr_cipher_group_ibfk_1` FOREIGN KEY (`ppccz`) REFERENCES `ppccz` (`id_ppccz`) ON UPDATE CASCADE;

--
-- Ограничения внешнего ключа таблицы `training_production_work`
--
ALTER TABLE `training_production_work`
  ADD CONSTRAINT `training_production_work_ibfk_1` FOREIGN KEY (`ppccz`) REFERENCES `ppccz` (`id_ppccz`) ON UPDATE CASCADE,
  ADD CONSTRAINT `training_production_work_ibfk_2` FOREIGN KEY (`id_foundation`) REFERENCES `foundation_offices` (`id`) ON UPDATE CASCADE,
  ADD CONSTRAINT `training_production_work_ibfk_3` FOREIGN KEY (`type_activities`) REFERENCES `spr_t_activities` (`id`) ON UPDATE CASCADE,
  ADD CONSTRAINT `training_production_work_ibfk_4` FOREIGN KEY (`type_upd`) REFERENCES `spr_t_upd` (`id`) ON UPDATE CASCADE,
  ADD CONSTRAINT `training_production_work_ibfk_5` FOREIGN KEY (`id_employee`) REFERENCES `employee` (`id`) ON UPDATE CASCADE,
  ADD CONSTRAINT `training_production_work_ibfk_6` FOREIGN KEY (`id_academic_year`) REFERENCES `academic_year` (`id`) ON UPDATE CASCADE,
  ADD CONSTRAINT `training_production_work_ibfk_7` FOREIGN KEY (`placement`) REFERENCES `spr_placement` (`id`) ON UPDATE CASCADE;

--
-- Ограничения внешнего ключа таблицы `training_work`
--
ALTER TABLE `training_work`
  ADD CONSTRAINT `training_work_ibfk_10` FOREIGN KEY (`cipher_group`) REFERENCES `spr_cipher_group` (`id`) ON UPDATE CASCADE,
  ADD CONSTRAINT `training_work_ibfk_11` FOREIGN KEY (`ppccz`) REFERENCES `ppccz` (`id_ppccz`) ON UPDATE CASCADE,
  ADD CONSTRAINT `training_work_ibfk_7` FOREIGN KEY (`discipline`) REFERENCES `disciplines` (`id`) ON UPDATE CASCADE,
  ADD CONSTRAINT `training_work_ibfk_8` FOREIGN KEY (`id_employee`) REFERENCES `employee` (`id`) ON UPDATE CASCADE,
  ADD CONSTRAINT `training_work_ibfk_9` FOREIGN KEY (`id_academic_year`) REFERENCES `academic_year` (`id`) ON UPDATE CASCADE;

/*!40101 SET CHARACTER_SET_CLIENT=@OLD_CHARACTER_SET_CLIENT */;
/*!40101 SET CHARACTER_SET_RESULTS=@OLD_CHARACTER_SET_RESULTS */;
/*!40101 SET COLLATION_CONNECTION=@OLD_COLLATION_CONNECTION */;
